subject	trial_type	block_name	sequence_name	route_num	trial_num	component_label	concept_label	concept_exemplar	onset	duration	type_of_stimulus	trigger_value	trigger_onset	trigger_delay	response_time	press_onset_est	response	response_meaning	expected_response	correct	distance_correct
3	instruction	n/a	n/a	n/a	n/a	instruction_part1	n/a	n/a	0.03230799996526912	3.2754750000312924	instruction_text	255	0.032363599981181324	5.560001591220498e-05	n/a	n/a	n/a	n/a	n/a	n/a	n/a
3	n/a	n/a	n/a	n/a	n/a	exp_start	n/a	n/a	0.032363599981181324	0.0	trigger	255	n/a	n/a	n/a	n/a	n/a	n/a	n/a	n/a	n/a
3	learn	1.0	A	1	1	current_image	lamp/lamp_01.jpg	lamp/lamp_01.jpg	306.3862348999828	4.584296200016979	image	n/a	n/a	n/a	n/a	n/a	n/a	n/a	n/a	n/a	n/a
3	learn	1.0	A	1	1	corr_next_image	key/key_01.jpg	key/key_01.jpg	306.3862348999828	4.58430370001588	image	15	306.38630469999043	6.980000762268901e-05	n/a	n/a	n/a	n/a	n/a	n/a	n/a
3	learn	1.0	A	1	1	distractor 01 (close)	bicycle/bicycle_06.jpg	bicycle/bicycle_06.jpg	306.3862348999828	4.584308699995745	image	n/a	n/a	n/a	n/a	n/a	n/a	n/a	n/a	n/a	n/a
3	learn	1.0	A	1	1	distractor 02 (far)	bread/bread_29.jpg	bread/bread_29.jpg	306.3862348999828	4.58431299997028	image	n/a	n/a	n/a	n/a	n/a	n/a	n/a	n/a	n/a	n/a
3	n/a	n/a	n/a	n/a	n/a	choice_display	n/a	n/a	306.38630469999043	0.0	trigger	15	n/a	n/a	n/a	n/a	n/a	n/a	n/a	n/a	n/a
3	learn	1.0	A	1	1	correct_moving	n/a	n/a	311.301319399965	0.9832235000212677	feedback	52	311.3014086000039	8.920003892853856e-05	n/a	n/a	n/a	n/a	n/a	n/a	n/a
3	n/a	n/a	n/a	n/a	n/a	feedback	n/a	n/a	311.3014086000039	0.0	trigger	52	n/a	n/a	n/a	n/a	n/a	n/a	n/a	n/a	n/a
3	learn	1.0	A	1	2	current_image	key/key_01.jpg	key/key_01.jpg	313.53403199999593	1.4840290999854915	image	n/a	n/a	n/a	n/a	n/a	n/a	n/a	n/a	n/a	n/a
3	learn	1.0	A	1	2	corr_next_image	hand/hand_16.jpg	hand/hand_16.jpg	313.53403199999593	1.4840391000034288	image	8	313.53410019999137	6.819999543949962e-05	n/a	n/a	n/a	n/a	n/a	n/a	n/a
3	learn	1.0	A	1	2	distractor 01 (close)	flower/flower_17.jpg	flower/flower_17.jpg	313.53403199999593	1.484045299992431	image	n/a	n/a	n/a	n/a	n/a	n/a	n/a	n/a	n/a	n/a
3	learn	1.0	A	1	2	distractor 02 (far)	chair/chair_11.jpg	chair/chair_11.jpg	313.53403199999593	1.4840503999730572	image	n/a	n/a	n/a	n/a	n/a	n/a	n/a	n/a	n/a	n/a
3	n/a	n/a	n/a	n/a	n/a	choice_display	n/a	n/a	313.53410019999137	0.0	trigger	8	n/a	n/a	n/a	n/a	n/a	n/a	n/a	n/a	n/a
3	learn	1.0	A	1	2	n/a	n/a	n/a	314.90619009995135	0.0	choice	n/a	n/a	n/a	1.4127576000173576	314.9467896000133	r	center	right	0	n/a
3	n/a	1.0	A	1	2	image_selected	n/a	n/a	314.90623540000524	0.0	trigger	51	n/a	n/a	n/a	n/a	n/a	n/a	n/a	n/a	n/a
3	learn	1.0	A	1	2	correct_moving	n/a	n/a	315.232833499962	0.9841112000285648	feedback	52	315.2329002000042	6.670004222542048e-05	n/a	n/a	n/a	n/a	n/a	n/a	n/a
3	n/a	n/a	n/a	n/a	n/a	feedback	n/a	n/a	315.2329002000042	0.0	trigger	52	n/a	n/a	n/a	n/a	n/a	n/a	n/a	n/a	n/a
3	learn	1.0	A	1	3	current_image	hand/hand_16.jpg	hand/hand_16.jpg	317.03230289998464	0.7342594999936409	image	n/a	n/a	n/a	n/a	n/a	n/a	n/a	n/a	n/a	n/a
3	learn	1.0	A	1	3	corr_next_image	ball/ball_11.jpg	ball/ball_11.jpg	317.03230289998464	0.7342684000032023	image	1	317.0323586000013	5.570001667365432e-05	n/a	n/a	n/a	n/a	n/a	n/a	n/a
3	learn	1.0	A	1	3	distractor 01 (close)	dog/dog_49.jpg	dog/dog_49.jpg	317.03230289998464	0.734274499991443	image	n/a	n/a	n/a	n/a	n/a	n/a	n/a	n/a	n/a	n/a
3	learn	1.0	A	1	3	distractor 02 (far)	house/house_35.jpg	house/house_35.jpg	317.03230289998464	0.7342800999758765	image	n/a	n/a	n/a	n/a	n/a	n/a	n/a	n/a	n/a	n/a
3	n/a	n/a	n/a	n/a	n/a	choice_display	n/a	n/a	317.0323586000013	0.0	trigger	1	n/a	n/a	n/a	n/a	n/a	n/a	n/a	n/a	n/a
3	learn	1.0	A	1	3	n/a	n/a	n/a	317.6508342999732	0.0	choice	n/a	n/a	n/a	0.6848895000293851	317.717192400014	g	left	center	0	n/a
3	n/a	1.0	A	1	3	image_selected	n/a	n/a	317.6508692999487	0.0	trigger	51	n/a	n/a	n/a	n/a	n/a	n/a	n/a	n/a	n/a
3	learn	1.0	A	1	3	correct_moving	n/a	n/a	318.0155744999647	0.9840385999996215	feedback	52	318.01563879998866	6.430002395063639e-05	n/a	n/a	n/a	n/a	n/a	n/a	n/a
3	n/a	n/a	n/a	n/a	n/a	feedback	n/a	n/a	318.01563879998866	0.0	trigger	52	n/a	n/a	n/a	n/a	n/a	n/a	n/a	n/a	n/a
3	learn	1.0	A	1	4	current_image	ball/ball_11.jpg	ball/ball_11.jpg	319.79920619999757	0.8996400999603793	image	n/a	n/a	n/a	n/a	n/a	n/a	n/a	n/a	n/a	n/a
3	learn	1.0	A	1	4	corr_next_image	dog/dog_49.jpg	dog/dog_49.jpg	319.79920619999757	0.8996490999707021	image	5	319.79925619997084	4.999997327104211e-05	n/a	n/a	n/a	n/a	n/a	n/a	n/a
3	learn	1.0	A	1	4	distractor 01 (close)	jacket/jacket_44.jpg	jacket/jacket_44.jpg	319.79920619999757	0.8996550999581814	image	n/a	n/a	n/a	n/a	n/a	n/a	n/a	n/a	n/a	n/a
3	learn	1.0	A	1	4	distractor 02 (far)	phone/phone_01.jpg	phone/phone_01.jpg	319.79920619999757	0.8996609000023454	image	n/a	n/a	n/a	n/a	n/a	n/a	n/a	n/a	n/a	n/a
3	n/a	n/a	n/a	n/a	n/a	choice_display	n/a	n/a	319.79925619997084	0.0	trigger	5	n/a	n/a	n/a	n/a	n/a	n/a	n/a	n/a	n/a
3	learn	1.0	A	1	4	n/a	n/a	n/a	320.5829845999833	0.0	choice	n/a	n/a	n/a	0.829838799952995	320.62904499995057	b	right	center	0	n/a
3	n/a	1.0	A	1	4	image_selected	n/a	n/a	320.5830272999592	0.0	trigger	51	n/a	n/a	n/a	n/a	n/a	n/a	n/a	n/a	n/a
3	learn	1.0	A	1	4	correct_moving	n/a	n/a	320.9476371999481	0.9839952000183985	feedback	52	320.9477207000018	8.350005373358727e-05	n/a	n/a	n/a	n/a	n/a	n/a	n/a
3	n/a	n/a	n/a	n/a	n/a	feedback	n/a	n/a	320.9477207000018	0.0	trigger	52	n/a	n/a	n/a	n/a	n/a	n/a	n/a	n/a	n/a
3	learn	1.0	A	1	5	current_image	dog/dog_49.jpg	dog/dog_49.jpg	322.6471285999869	1.1011197000043467	image	n/a	n/a	n/a	n/a	n/a	n/a	n/a	n/a	n/a	n/a
3	learn	1.0	A	1	5	corr_next_image	flower/flower_17.jpg	flower/flower_17.jpg	322.6471285999869	1.1011289000161923	image	6	322.6471870999667	5.849997978657484e-05	n/a	n/a	n/a	n/a	n/a	n/a	n/a
3	learn	1.0	A	1	5	distractor 01 (close)	bread/bread_29.jpg	bread/bread_29.jpg	322.6471285999869	1.1011349000036716	image	n/a	n/a	n/a	n/a	n/a	n/a	n/a	n/a	n/a	n/a
3	learn	1.0	A	1	5	distractor 02 (far)	hammer/hammer_16.jpg	hammer/hammer_16.jpg	322.6471285999869	1.1011403999873437	image	n/a	n/a	n/a	n/a	n/a	n/a	n/a	n/a	n/a	n/a
3	n/a	n/a	n/a	n/a	n/a	choice_display	n/a	n/a	322.6471870999667	0.0	trigger	6	n/a	n/a	n/a	n/a	n/a	n/a	n/a	n/a	n/a
3	learn	1.0	A	1	5	n/a	n/a	n/a	323.6320057999692	0.0	choice	n/a	n/a	n/a	1.0180367000284605	323.66516530001536	r	center	left	0	n/a
3	n/a	1.0	A	1	5	image_selected	n/a	n/a	323.63204129994847	0.0	trigger	51	n/a	n/a	n/a	n/a	n/a	n/a	n/a	n/a	n/a
3	learn	1.0	A	1	5	correct_moving	n/a	n/a	323.9300088000018	0.984235699987039	feedback	52	323.93009119998896	8.239998714998364e-05	n/a	n/a	n/a	n/a	n/a	n/a	n/a
3	n/a	n/a	n/a	n/a	n/a	feedback	n/a	n/a	323.93009119998896	0.0	trigger	52	n/a	n/a	n/a	n/a	n/a	n/a	n/a	n/a	n/a
3	learn	1.0	A	1	6	current_image	flower/flower_17.jpg	flower/flower_17.jpg	325.6129371999996	0.7675544999656267	image	n/a	n/a	n/a	n/a	n/a	n/a	n/a	n/a	n/a	n/a
3	learn	1.0	A	1	6	corr_next_image	jacket/jacket_44.jpg	jacket/jacket_44.jpg	325.6129371999996	0.7675636999774724	image	10	325.6130097999703	7.259997073560953e-05	n/a	n/a	n/a	n/a	n/a	n/a	n/a
3	learn	1.0	A	1	6	distractor 01 (close)	chair/chair_11.jpg	chair/chair_11.jpg	325.6129371999996	0.7675698999664746	image	n/a	n/a	n/a	n/a	n/a	n/a	n/a	n/a	n/a	n/a
3	learn	1.0	A	1	6	distractor 02 (far)	pencil/pencil_01.jpg	pencil/pencil_01.jpg	325.6129371999996	0.767575699952431	image	n/a	n/a	n/a	n/a	n/a	n/a	n/a	n/a	n/a	n/a
3	n/a	n/a	n/a	n/a	n/a	choice_display	n/a	n/a	325.6130097999703	0.0	trigger	10	n/a	n/a	n/a	n/a	n/a	n/a	n/a	n/a	n/a
3	learn	1.0	A	1	6	n/a	n/a	n/a	326.26461949996883	0.0	choice	n/a	n/a	n/a	0.6865671999985352	326.2995043999981	b	right	right	1	n/a
3	n/a	1.0	A	1	6	image_selected	n/a	n/a	326.26465849997476	0.0	trigger	51	n/a	n/a	n/a	n/a	n/a	n/a	n/a	n/a	n/a
3	learn	1.0	A	1	6	correct_moving	n/a	n/a	326.5292993999901	0.9842022999655455	feedback	52	326.52936479996424	6.539997411891818e-05	n/a	n/a	n/a	n/a	n/a	n/a	n/a
3	n/a	n/a	n/a	n/a	n/a	feedback	n/a	n/a	326.52936479996424	0.0	trigger	52	n/a	n/a	n/a	n/a	n/a	n/a	n/a	n/a	n/a
3	learn	1.0	A	1	7	current_image	jacket/jacket_44.jpg	jacket/jacket_44.jpg	328.245359499997	1.1506677999859676	image	n/a	n/a	n/a	n/a	n/a	n/a	n/a	n/a	n/a	n/a
3	learn	1.0	A	1	7	corr_next_image	bicycle/bicycle_06.jpg	bicycle/bicycle_06.jpg	328.245359499997	1.1506759999901988	image	2	328.2454254999757	6.59999786876142e-05	n/a	n/a	n/a	n/a	n/a	n/a	n/a
3	learn	1.0	A	1	7	distractor 01 (close)	hand/hand_16.jpg	hand/hand_16.jpg	328.245359499997	1.150681099970825	image	n/a	n/a	n/a	n/a	n/a	n/a	n/a	n/a	n/a	n/a
3	learn	1.0	A	1	7	distractor 02 (far)	dog/dog_49.jpg	dog/dog_49.jpg	328.245359499997	1.1506861000088975	image	n/a	n/a	n/a	n/a	n/a	n/a	n/a	n/a	n/a	n/a
3	n/a	n/a	n/a	n/a	n/a	choice_display	n/a	n/a	328.2454254999757	0.0	trigger	2	n/a	n/a	n/a	n/a	n/a	n/a	n/a	n/a	n/a
3	learn	1.0	A	1	7	n/a	n/a	n/a	329.28018099995097	0.0	choice	n/a	n/a	n/a	1.0680157999740914	329.3133752999711	r	center	left	0	n/a
3	n/a	1.0	A	1	7	image_selected	n/a	n/a	329.2802222999744	0.0	trigger	51	n/a	n/a	n/a	n/a	n/a	n/a	n/a	n/a	n/a
3	learn	1.0	A	1	7	correct_moving	n/a	n/a	329.5956031999667	0.9828724000253715	feedback	52	329.5957015999593	9.839999256655574e-05	n/a	n/a	n/a	n/a	n/a	n/a	n/a
3	n/a	n/a	n/a	n/a	n/a	feedback	n/a	n/a	329.5957015999593	0.0	trigger	52	n/a	n/a	n/a	n/a	n/a	n/a	n/a	n/a	n/a
3	learn	1.0	A	1	8	current_image	bicycle/bicycle_06.jpg	bicycle/bicycle_06.jpg	331.47831629996654	0.66651200002525	image	n/a	n/a	n/a	n/a	n/a	n/a	n/a	n/a	n/a	n/a
3	learn	1.0	A	1	8	corr_next_image	chair/chair_11.jpg	chair/chair_11.jpg	331.47831629996654	0.6665204000310041	image	4	331.47837779996917	6.150000263005495e-05	n/a	n/a	n/a	n/a	n/a	n/a	n/a
3	learn	1.0	A	1	8	distractor 01 (close)	key/key_01.jpg	key/key_01.jpg	331.47831629996654	0.6665253000101075	image	n/a	n/a	n/a	n/a	n/a	n/a	n/a	n/a	n/a	n/a
3	learn	1.0	A	1	8	distractor 02 (far)	ball/ball_11.jpg	ball/ball_11.jpg	331.47831629996654	0.6665299999876879	image	n/a	n/a	n/a	n/a	n/a	n/a	n/a	n/a	n/a	n/a
3	n/a	n/a	n/a	n/a	n/a	choice_display	n/a	n/a	331.47837779996917	0.0	trigger	4	n/a	n/a	n/a	n/a	n/a	n/a	n/a	n/a	n/a
3	learn	1.0	A	1	8	n/a	n/a	n/a	332.02916679996997	0.0	choice	n/a	n/a	n/a	0.6909598999773152	332.16927619994385	b	right	left	0	n/a
3	n/a	1.0	A	1	8	image_selected	n/a	n/a	332.02920210000593	0.0	trigger	51	n/a	n/a	n/a	n/a	n/a	n/a	n/a	n/a	n/a
3	learn	1.0	A	1	8	correct_moving	n/a	n/a	332.4120156999561	0.9820791000383906	feedback	52	332.4120805999846	6.490002851933241e-05	n/a	n/a	n/a	n/a	n/a	n/a	n/a
3	n/a	n/a	n/a	n/a	n/a	feedback	n/a	n/a	332.4120805999846	0.0	trigger	52	n/a	n/a	n/a	n/a	n/a	n/a	n/a	n/a	n/a
3	learn	1.0	A	1	9	current_image	chair/chair_11.jpg	chair/chair_11.jpg	334.1276801999775	0.5836030999780633	image	n/a	n/a	n/a	n/a	n/a	n/a	n/a	n/a	n/a	n/a
3	learn	1.0	A	1	9	corr_next_image	bread/bread_29.jpg	bread/bread_29.jpg	334.1276801999775	0.5836114999838173	image	3	334.12774239998544	6.220000796020031e-05	n/a	n/a	n/a	n/a	n/a	n/a	n/a
3	learn	1.0	A	1	9	distractor 01 (close)	lamp/lamp_01.jpg	lamp/lamp_01.jpg	334.1276801999775	0.5836167000234127	image	n/a	n/a	n/a	n/a	n/a	n/a	n/a	n/a	n/a	n/a
3	learn	1.0	A	1	9	distractor 02 (far)	flower/flower_17.jpg	flower/flower_17.jpg	334.1276801999775	0.583621800004039	image	n/a	n/a	n/a	n/a	n/a	n/a	n/a	n/a	n/a	n/a
3	n/a	n/a	n/a	n/a	n/a	choice_display	n/a	n/a	334.12774239998544	0.0	trigger	3	n/a	n/a	n/a	n/a	n/a	n/a	n/a	n/a	n/a
3	learn	1.0	A	1	9	n/a	n/a	n/a	334.59512369998265	0.0	choice	n/a	n/a	n/a	0.4997416000114754	334.62742179998895	r	center	right	0	n/a
3	n/a	1.0	A	1	9	image_selected	n/a	n/a	334.595155899995	0.0	trigger	51	n/a	n/a	n/a	n/a	n/a	n/a	n/a	n/a	n/a
3	learn	1.0	A	1	9	correct_moving	n/a	n/a	334.90989479998825	0.9840793999610469	feedback	52	334.9099584999494	6.369996117427945e-05	n/a	n/a	n/a	n/a	n/a	n/a	n/a
3	n/a	n/a	n/a	n/a	n/a	feedback	n/a	n/a	334.9099584999494	0.0	trigger	52	n/a	n/a	n/a	n/a	n/a	n/a	n/a	n/a	n/a
3	learn	1.0	A	1	10	current_image	bread/bread_29.jpg	bread/bread_29.jpg	336.6262183999643	0.7676097000367008	image	n/a	n/a	n/a	n/a	n/a	n/a	n/a	n/a	n/a	n/a
3	learn	1.0	A	1	10	corr_next_image	house/house_35.jpg	house/house_35.jpg	336.6262183999643	0.7676194999949075	image	9	336.62627099995734	5.259999306872487e-05	n/a	n/a	n/a	n/a	n/a	n/a	n/a
3	learn	1.0	A	1	10	distractor 01 (close)	ball/ball_11.jpg	ball/ball_11.jpg	336.6262183999643	0.7676256999839097	image	n/a	n/a	n/a	n/a	n/a	n/a	n/a	n/a	n/a	n/a
3	learn	1.0	A	1	10	distractor 02 (far)	bicycle/bicycle_06.jpg	bicycle/bicycle_06.jpg	336.6262183999643	0.7676317000295967	image	n/a	n/a	n/a	n/a	n/a	n/a	n/a	n/a	n/a	n/a
3	n/a	n/a	n/a	n/a	n/a	choice_display	n/a	n/a	336.62627099995734	0.0	trigger	9	n/a	n/a	n/a	n/a	n/a	n/a	n/a	n/a	n/a
3	learn	1.0	A	1	10	n/a	n/a	n/a	337.27790919999825	0.0	choice	n/a	n/a	n/a	0.669995000003837	337.2962133999681	g	left	left	1	n/a
3	n/a	1.0	A	1	10	image_selected	n/a	n/a	337.2779436999699	0.0	trigger	51	n/a	n/a	n/a	n/a	n/a	n/a	n/a	n/a	n/a
3	learn	1.0	A	1	10	correct_moving	n/a	n/a	337.59230069996556	0.9842269000364468	feedback	52	337.592362699972	6.200000643730164e-05	n/a	n/a	n/a	n/a	n/a	n/a	n/a
3	n/a	n/a	n/a	n/a	n/a	feedback	n/a	n/a	337.592362699972	0.0	trigger	52	n/a	n/a	n/a	n/a	n/a	n/a	n/a	n/a	n/a
3	learn	1.0	A	1	11	current_image	house/house_35.jpg	house/house_35.jpg	339.3418519999832	4.76802580000367	image	n/a	n/a	n/a	n/a	n/a	n/a	n/a	n/a	n/a	n/a
3	learn	1.0	A	1	11	corr_next_image	hammer/hammer_16.jpg	hammer/hammer_16.jpg	339.3418519999832	4.768034000007901	image	7	339.34190879995003	5.679996684193611e-05	n/a	n/a	n/a	n/a	n/a	n/a	n/a
3	learn	1.0	A	1	11	distractor 01 (close)	key/key_01.jpg	key/key_01.jpg	339.3418519999832	4.768039799993858	image	n/a	n/a	n/a	n/a	n/a	n/a	n/a	n/a	n/a	n/a
3	learn	1.0	A	1	11	distractor 02 (far)	dog/dog_49.jpg	dog/dog_49.jpg	339.3418519999832	4.768045599979814	image	n/a	n/a	n/a	n/a	n/a	n/a	n/a	n/a	n/a	n/a
3	n/a	n/a	n/a	n/a	n/a	choice_display	n/a	n/a	339.34190879995003	0.0	trigger	7	n/a	n/a	n/a	n/a	n/a	n/a	n/a	n/a	n/a
3	learn	1.0	A	1	11	correct_moving	n/a	n/a	344.3409264999791	0.984395699982997	feedback	52	344.34101509995526	8.859997615218163e-05	n/a	n/a	n/a	n/a	n/a	n/a	n/a
3	n/a	n/a	n/a	n/a	n/a	feedback	n/a	n/a	344.34101509995526	0.0	trigger	52	n/a	n/a	n/a	n/a	n/a	n/a	n/a	n/a	n/a
3	learn	1.0	A	1	12	current_image	hammer/hammer_16.jpg	hammer/hammer_16.jpg	346.55700239998987	4.801227799966	image	n/a	n/a	n/a	n/a	n/a	n/a	n/a	n/a	n/a	n/a
3	learn	1.0	A	1	12	corr_next_image	pencil/pencil_01.jpg	pencil/pencil_01.jpg	346.55700239998987	4.801236399973277	image	16	346.55707459995756	7.219996768981218e-05	n/a	n/a	n/a	n/a	n/a	n/a	n/a
3	learn	1.0	A	1	12	distractor 01 (close)	lamp/lamp_01.jpg	lamp/lamp_01.jpg	346.55700239998987	4.801242000015918	image	n/a	n/a	n/a	n/a	n/a	n/a	n/a	n/a	n/a	n/a
3	learn	1.0	A	1	12	distractor 02 (far)	jacket/jacket_44.jpg	jacket/jacket_44.jpg	346.55700239998987	4.801246999995783	image	n/a	n/a	n/a	n/a	n/a	n/a	n/a	n/a	n/a	n/a
3	n/a	n/a	n/a	n/a	n/a	choice_display	n/a	n/a	346.55707459995756	0.0	trigger	16	n/a	n/a	n/a	n/a	n/a	n/a	n/a	n/a	n/a
3	learn	1.0	A	1	12	correct_moving	n/a	n/a	351.60549659997923	0.9830154000082985	feedback	52	351.6056300000055	0.00013340002624318004	n/a	n/a	n/a	n/a	n/a	n/a	n/a
3	n/a	n/a	n/a	n/a	n/a	feedback	n/a	n/a	351.6056300000055	0.0	trigger	52	n/a	n/a	n/a	n/a	n/a	n/a	n/a	n/a	n/a
3	learn	1.0	A	1	13	current_image	pencil/pencil_01.jpg	pencil/pencil_01.jpg	353.7880909999949	4.835128500009887	image	n/a	n/a	n/a	n/a	n/a	n/a	n/a	n/a	n/a	n/a
3	learn	1.0	A	1	13	corr_next_image	phone/phone_01.jpg	phone/phone_01.jpg	353.7880909999949	4.835138199967332	image	17	353.78818189998856	9.089999366551638e-05	n/a	n/a	n/a	n/a	n/a	n/a	n/a
3	learn	1.0	A	1	13	distractor 01 (close)	hand/hand_16.jpg	hand/hand_16.jpg	353.7880909999949	4.835145899967756	image	n/a	n/a	n/a	n/a	n/a	n/a	n/a	n/a	n/a	n/a
3	learn	1.0	A	1	13	distractor 02 (far)	bread/bread_29.jpg	bread/bread_29.jpg	353.7880909999949	4.83515289996285	image	n/a	n/a	n/a	n/a	n/a	n/a	n/a	n/a	n/a	n/a
3	n/a	n/a	n/a	n/a	n/a	choice_display	n/a	n/a	353.78818189998856	0.0	trigger	17	n/a	n/a	n/a	n/a	n/a	n/a	n/a	n/a	n/a
3	learn	1.0	A	1	13	correct_moving	n/a	n/a	358.8027571999701	0.9838784000021406	feedback	52	358.80292439996265	0.00016719999257475138	n/a	n/a	n/a	n/a	n/a	n/a	n/a
3	n/a	n/a	n/a	n/a	n/a	feedback	n/a	n/a	358.80292439996265	0.0	trigger	52	n/a	n/a	n/a	n/a	n/a	n/a	n/a	n/a	n/a
3	learn	1.0	A	1	13	fix_cross_replay_break	n/a	n/a	360.3185600999859	4.999046766668698	replay_break	53	360.31858919997467	2.9099988751113415e-05	n/a	n/a	n/a	n/a	n/a	n/a	n/a
3	n/a	n/a	n/a	n/a	n/a	replay_break	n/a	n/a	360.31858919997467	0.0	trigger	53	n/a	n/a	n/a	n/a	n/a	n/a	n/a	n/a	n/a
3	n/a	n/a	n/a	n/a	n/a	replay_break_end	n/a	n/a	365.30136199999833	0.0	trigger	54	n/a	n/a	n/a	n/a	n/a	n/a	n/a	n/a	n/a
3	retr_1	block1	A	n/a	0	retrieval_ITIcross	n/a	n/a	366.59994169999845	0.3412147666715555	fixcross	n/a	n/a	n/a	n/a	n/a	n/a	n/a	n/a	n/a	5
3	retr_1	block1	A	n/a	0	image_1_retr	bread/bread_29.jpg	bread/bread_29.jpg	366.98327839997364	1.000574366659066	image	3	366.98336449998897	8.610001532360911e-05	n/a	n/a	n/a	n/a	n/a	n/a	n/a
3	n/a	n/a	n/a	n/a	n/a	image_1_retr	n/a	n/a	366.98336449998897	0.0	trigger	3	n/a	n/a	n/a	n/a	n/a	n/a	n/a	n/a	n/a
3	retr_1	block1	A	n/a	0	image_2_retr	dog/dog_49.jpg	dog/dog_49.jpg	368.3167962000007	1.0160918666554153	image	5	368.3168398999842	4.369998350739479e-05	n/a	n/a	n/a	n/a	n/a	n/a	n/a
3	n/a	n/a	n/a	n/a	n/a	image_2_retr	n/a	n/a	368.3168398999842	0.0	trigger	5	n/a	n/a	n/a	n/a	n/a	n/a	n/a	n/a	n/a
3	n/a	n/a	n/a	n/a	n/a	reflection_start	n/a	n/a	369.58307019999484	0.0	trigger	31	n/a	n/a	n/a	n/a	n/a	n/a	n/a	n/a	n/a
3	n/a	n/a	n/a	n/a	n/a	reflection_end	n/a	n/a	371.68266399996355	0.0	trigger	32	n/a	n/a	n/a	n/a	n/a	n/a	n/a	n/a	n/a
3	n/a	n/a	n/a	n/a	n/a	order_options	n/a	n/a	371.73185719997855	0.0	trigger	59	n/a	n/a	n/a	n/a	n/a	n/a	n/a	n/a	n/a
3	n/a	n/a	n/a	n/a	n/a	distance_options	n/a	n/a	375.2312366999686	0.0	trigger	58	n/a	n/a	n/a	n/a	n/a	n/a	n/a	n/a	n/a
3	retr_distance	block1	A	n/a	0	n/a	n/a	n/a	378.70071269996697	0.0	choice	n/a	n/a	n/a	[]	n/a	m	n/a	5	False	5
3	retr_1	block1	A	n/a	1	retrieval_ITIcross	n/a	n/a	379.2135319999652	0.26693296665712296	fixcross	n/a	n/a	n/a	n/a	n/a	n/a	n/a	n/a	n/a	3
3	retr_1	block1	A	n/a	1	image_1_retr	flower/flower_17.jpg	flower/flower_17.jpg	379.5467303000041	1.0162800666332714	image	6	379.54679749999195	6.719998782500625e-05	n/a	n/a	n/a	n/a	n/a	n/a	n/a
3	n/a	n/a	n/a	n/a	n/a	image_1_retr	n/a	n/a	379.54679749999195	0.0	trigger	6	n/a	n/a	n/a	n/a	n/a	n/a	n/a	n/a	n/a
3	retr_1	block1	A	n/a	1	image_2_retr	hand/hand_16.jpg	hand/hand_16.jpg	380.86280199995963	0.9994963666579224	image	8	380.8628817999852	7.98000255599618e-05	n/a	n/a	n/a	n/a	n/a	n/a	n/a
3	n/a	n/a	n/a	n/a	n/a	image_2_retr	n/a	n/a	380.8628817999852	0.0	trigger	8	n/a	n/a	n/a	n/a	n/a	n/a	n/a	n/a	n/a
3	n/a	n/a	n/a	n/a	n/a	reflection_start	n/a	n/a	382.1124305999838	0.0	trigger	31	n/a	n/a	n/a	n/a	n/a	n/a	n/a	n/a	n/a
3	n/a	n/a	n/a	n/a	n/a	reflection_end	n/a	n/a	383.92875209997874	0.0	trigger	32	n/a	n/a	n/a	n/a	n/a	n/a	n/a	n/a	n/a
3	n/a	n/a	n/a	n/a	n/a	order_options	n/a	n/a	383.9786527999677	0.0	trigger	59	n/a	n/a	n/a	n/a	n/a	n/a	n/a	n/a	n/a
3	n/a	n/a	n/a	n/a	n/a	distance_options	n/a	n/a	387.47689150000224	0.0	trigger	58	n/a	n/a	n/a	n/a	n/a	n/a	n/a	n/a	n/a
3	retr_distance	block1	A	n/a	1	n/a	n/a	n/a	390.9304111999809	0.0	choice	n/a	n/a	n/a	[]	n/a	m	n/a	3	False	3
3	retr_1	block1	A	n/a	2	retrieval_ITIcross	n/a	n/a	391.44258410000475	0.7334280666584618	fixcross	n/a	n/a	n/a	n/a	n/a	n/a	n/a	n/a	n/a	4
3	retr_1	block1	A	n/a	2	image_1_retr	bicycle/bicycle_06.jpg	bicycle/bicycle_06.jpg	392.1919117999496	1.000350066697365	image	2	392.1919663999579	5.460000829771161e-05	n/a	n/a	n/a	n/a	n/a	n/a	n/a
3	n/a	n/a	n/a	n/a	n/a	image_1_retr	n/a	n/a	392.1919663999579	0.0	trigger	2	n/a	n/a	n/a	n/a	n/a	n/a	n/a	n/a	n/a
3	retr_1	block1	A	n/a	2	image_2_retr	hammer/hammer_16.jpg	hammer/hammer_16.jpg	393.45876379997935	0.9991090666774198	image	7	393.45882099994924	5.719996988773346e-05	n/a	n/a	n/a	n/a	n/a	n/a	n/a
3	n/a	n/a	n/a	n/a	n/a	image_2_retr	n/a	n/a	393.45882099994924	0.0	trigger	7	n/a	n/a	n/a	n/a	n/a	n/a	n/a	n/a	n/a
3	n/a	n/a	n/a	n/a	n/a	reflection_start	n/a	n/a	394.7079910999746	0.0	trigger	31	n/a	n/a	n/a	n/a	n/a	n/a	n/a	n/a	n/a
3	n/a	n/a	n/a	n/a	n/a	reflection_end	n/a	n/a	396.8915962000028	0.0	trigger	32	n/a	n/a	n/a	n/a	n/a	n/a	n/a	n/a	n/a
3	n/a	n/a	n/a	n/a	n/a	order_options	n/a	n/a	396.9405855999794	0.0	trigger	59	n/a	n/a	n/a	n/a	n/a	n/a	n/a	n/a	n/a
3	n/a	n/a	n/a	n/a	n/a	distance_options	n/a	n/a	400.48927639995236	0.0	trigger	58	n/a	n/a	n/a	n/a	n/a	n/a	n/a	n/a	n/a
3	retr_distance	block1	A	n/a	2	n/a	n/a	n/a	403.95825639995746	0.0	choice	n/a	n/a	n/a	[]	n/a	m	n/a	4	False	4
3	retr_1	block1	A	n/a	3	retrieval_ITIcross	n/a	n/a	404.4713863999932	0.43380896666008084	fixcross	n/a	n/a	n/a	n/a	n/a	n/a	n/a	n/a	n/a	2
3	retr_1	block1	A	n/a	3	image_1_retr	jacket/jacket_44.jpg	jacket/jacket_44.jpg	404.9877952999668	1.0003485666859433	image	10	404.9878750999924	7.98000255599618e-05	n/a	n/a	n/a	n/a	n/a	n/a	n/a
3	n/a	n/a	n/a	n/a	n/a	image_1_retr	n/a	n/a	404.9878750999924	0.0	trigger	10	n/a	n/a	n/a	n/a	n/a	n/a	n/a	n/a	n/a
3	retr_1	block1	A	n/a	3	image_2_retr	chair/chair_11.jpg	chair/chair_11.jpg	406.2546994999866	0.9990100666802846	image	4	406.2547428999678	4.339998122304678e-05	n/a	n/a	n/a	n/a	n/a	n/a	n/a
3	n/a	n/a	n/a	n/a	n/a	image_2_retr	n/a	n/a	406.2547428999678	0.0	trigger	4	n/a	n/a	n/a	n/a	n/a	n/a	n/a	n/a	n/a
3	n/a	n/a	n/a	n/a	n/a	reflection_start	n/a	n/a	407.5037832999951	0.0	trigger	31	n/a	n/a	n/a	n/a	n/a	n/a	n/a	n/a	n/a
3	n/a	n/a	n/a	n/a	n/a	reflection_end	n/a	n/a	409.25434779998614	0.0	trigger	32	n/a	n/a	n/a	n/a	n/a	n/a	n/a	n/a	n/a
3	n/a	n/a	n/a	n/a	n/a	order_options	n/a	n/a	409.3033426000038	0.0	trigger	59	n/a	n/a	n/a	n/a	n/a	n/a	n/a	n/a	n/a
3	n/a	n/a	n/a	n/a	n/a	distance_options	n/a	n/a	412.8028060999932	0.0	trigger	58	n/a	n/a	n/a	n/a	n/a	n/a	n/a	n/a	n/a
3	retr_distance	block1	A	n/a	3	n/a	n/a	n/a	416.2710392999579	0.0	choice	n/a	n/a	n/a	[]	n/a	m	n/a	2	False	2
3	retr_1	block1	A	n/a	4	retrieval_ITIcross	n/a	n/a	416.7843217999907	0.4496100666622169	fixcross	n/a	n/a	n/a	n/a	n/a	n/a	n/a	n/a	n/a	4
3	retr_1	block1	A	n/a	4	image_1_retr	bicycle/bicycle_06.jpg	bicycle/bicycle_06.jpg	417.2512151999981	0.9990377666583754	image	2	417.25127509998856	5.989999044686556e-05	n/a	n/a	n/a	n/a	n/a	n/a	n/a
3	n/a	n/a	n/a	n/a	n/a	image_1_retr	n/a	n/a	417.25127509998856	0.0	trigger	2	n/a	n/a	n/a	n/a	n/a	n/a	n/a	n/a	n/a
3	retr_1	block1	A	n/a	4	image_2_retr	ball/ball_11.jpg	ball/ball_11.jpg	418.61688980000326	1.0002894666433804	image	1	418.61694699997315	5.719996988773346e-05	n/a	n/a	n/a	n/a	n/a	n/a	n/a
3	n/a	n/a	n/a	n/a	n/a	image_2_retr	n/a	n/a	418.61694699997315	0.0	trigger	1	n/a	n/a	n/a	n/a	n/a	n/a	n/a	n/a	n/a
3	n/a	n/a	n/a	n/a	n/a	reflection_start	n/a	n/a	419.8670904999599	0.0	trigger	31	n/a	n/a	n/a	n/a	n/a	n/a	n/a	n/a	n/a
3	n/a	n/a	n/a	n/a	n/a	reflection_end	n/a	n/a	421.800419999985	0.0	trigger	32	n/a	n/a	n/a	n/a	n/a	n/a	n/a	n/a	n/a
3	n/a	n/a	n/a	n/a	n/a	order_options	n/a	n/a	421.8494451000006	0.0	trigger	59	n/a	n/a	n/a	n/a	n/a	n/a	n/a	n/a	n/a
3	n/a	n/a	n/a	n/a	n/a	distance_options	n/a	n/a	425.3487461999757	0.0	trigger	58	n/a	n/a	n/a	n/a	n/a	n/a	n/a	n/a	n/a
3	retr_distance	block1	A	n/a	4	n/a	n/a	n/a	428.8179200000013	0.0	choice	n/a	n/a	n/a	[]	n/a	m	n/a	4	False	4
3	retr_1	block1	A	n/a	5	retrieval_ITIcross	n/a	n/a	429.3301295999554	0.6497845666638113	fixcross	n/a	n/a	n/a	n/a	n/a	n/a	n/a	n/a	n/a	5
3	retr_1	block1	A	n/a	5	image_1_retr	house/house_35.jpg	house/house_35.jpg	430.030498099979	0.999120966651617	image	9	430.0305475000059	4.9400026910007e-05	n/a	n/a	n/a	n/a	n/a	n/a	n/a
3	n/a	n/a	n/a	n/a	n/a	image_1_retr	n/a	n/a	430.0305475000059	0.0	trigger	9	n/a	n/a	n/a	n/a	n/a	n/a	n/a	n/a	n/a
3	retr_1	block1	A	n/a	5	image_2_retr	flower/flower_17.jpg	flower/flower_17.jpg	431.3295481999521	1.00029166671834	image	6	431.3295844999957	3.630004357546568e-05	n/a	n/a	n/a	n/a	n/a	n/a	n/a
3	n/a	n/a	n/a	n/a	n/a	image_2_retr	n/a	n/a	431.3295844999957	0.0	trigger	6	n/a	n/a	n/a	n/a	n/a	n/a	n/a	n/a	n/a
3	n/a	n/a	n/a	n/a	n/a	reflection_start	n/a	n/a	432.57991349999793	0.0	trigger	31	n/a	n/a	n/a	n/a	n/a	n/a	n/a	n/a	n/a
3	n/a	n/a	n/a	n/a	n/a	reflection_end	n/a	n/a	434.7128465999849	0.0	trigger	32	n/a	n/a	n/a	n/a	n/a	n/a	n/a	n/a	n/a
3	n/a	n/a	n/a	n/a	n/a	order_options	n/a	n/a	434.7619621999911	0.0	trigger	59	n/a	n/a	n/a	n/a	n/a	n/a	n/a	n/a	n/a
3	n/a	n/a	n/a	n/a	n/a	distance_options	n/a	n/a	438.2613732999889	0.0	trigger	58	n/a	n/a	n/a	n/a	n/a	n/a	n/a	n/a	n/a
3	retr_distance	block1	A	n/a	5	n/a	n/a	n/a	441.71639079996385	0.0	choice	n/a	n/a	n/a	[]	n/a	m	n/a	5	False	5
3	retr_1	block1	A	n/a	6	retrieval_ITIcross	n/a	n/a	442.2268193999771	0.2834268666376829	fixcross	n/a	n/a	n/a	n/a	n/a	n/a	n/a	n/a	n/a	2
3	retr_1	block1	A	n/a	6	image_1_retr	dog/dog_49.jpg	dog/dog_49.jpg	442.59267299994826	1.0002750667083546	image	5	442.592729499971	5.6500022765249014e-05	n/a	n/a	n/a	n/a	n/a	n/a	n/a
3	n/a	n/a	n/a	n/a	n/a	image_1_retr	n/a	n/a	442.592729499971	0.0	trigger	5	n/a	n/a	n/a	n/a	n/a	n/a	n/a	n/a	n/a
3	retr_1	block1	A	n/a	6	image_2_retr	jacket/jacket_44.jpg	jacket/jacket_44.jpg	443.9262605999829	1.0182948666663378	image	10	443.92631929996423	5.8699981309473515e-05	n/a	n/a	n/a	n/a	n/a	n/a	n/a
3	n/a	n/a	n/a	n/a	n/a	image_2_retr	n/a	n/a	443.92631929996423	0.0	trigger	10	n/a	n/a	n/a	n/a	n/a	n/a	n/a	n/a	n/a
3	n/a	n/a	n/a	n/a	n/a	reflection_start	n/a	n/a	445.1925404999638	0.0	trigger	31	n/a	n/a	n/a	n/a	n/a	n/a	n/a	n/a	n/a
3	n/a	n/a	n/a	n/a	n/a	reflection_end	n/a	n/a	447.1253831999493	0.0	trigger	32	n/a	n/a	n/a	n/a	n/a	n/a	n/a	n/a	n/a
3	n/a	n/a	n/a	n/a	n/a	order_options	n/a	n/a	447.1578894999693	0.0	trigger	59	n/a	n/a	n/a	n/a	n/a	n/a	n/a	n/a	n/a
3	n/a	n/a	n/a	n/a	n/a	distance_options	n/a	n/a	450.67649159999564	0.0	trigger	58	n/a	n/a	n/a	n/a	n/a	n/a	n/a	n/a	n/a
3	retr_distance	block1	A	n/a	6	n/a	n/a	n/a	454.14427940000314	0.0	choice	n/a	n/a	n/a	[]	n/a	m	n/a	2	False	2
3	retr_1	block1	A	n/a	7	retrieval_ITIcross	n/a	n/a	454.6556913999957	0.43385026662531345	fixcross	n/a	n/a	n/a	n/a	n/a	n/a	n/a	n/a	n/a	3
3	retr_1	block1	A	n/a	7	image_1_retr	hammer/hammer_16.jpg	hammer/hammer_16.jpg	455.1220479999902	1.0003484666269742	image	7	455.12209929997334	5.129998316988349e-05	n/a	n/a	n/a	n/a	n/a	n/a	n/a
3	n/a	n/a	n/a	n/a	n/a	image_1_retr	n/a	n/a	455.12209929997334	0.0	trigger	7	n/a	n/a	n/a	n/a	n/a	n/a	n/a	n/a	n/a
3	retr_1	block1	A	n/a	7	image_2_retr	chair/chair_11.jpg	chair/chair_11.jpg	456.38890459999675	0.9990939666206486	image	4	456.38895399996545	4.9399968702346087e-05	n/a	n/a	n/a	n/a	n/a	n/a	n/a
3	n/a	n/a	n/a	n/a	n/a	image_2_retr	n/a	n/a	456.38895399996545	0.0	trigger	4	n/a	n/a	n/a	n/a	n/a	n/a	n/a	n/a	n/a
3	n/a	n/a	n/a	n/a	n/a	reflection_start	n/a	n/a	457.6379593999591	0.0	trigger	31	n/a	n/a	n/a	n/a	n/a	n/a	n/a	n/a	n/a
3	n/a	n/a	n/a	n/a	n/a	reflection_end	n/a	n/a	459.6042953999713	0.0	trigger	32	n/a	n/a	n/a	n/a	n/a	n/a	n/a	n/a	n/a
3	n/a	n/a	n/a	n/a	n/a	order_options	n/a	n/a	459.63792579999426	0.0	trigger	59	n/a	n/a	n/a	n/a	n/a	n/a	n/a	n/a	n/a
3	n/a	n/a	n/a	n/a	n/a	distance_options	n/a	n/a	463.1535548999673	0.0	trigger	58	n/a	n/a	n/a	n/a	n/a	n/a	n/a	n/a	n/a
3	retr_distance	block1	A	n/a	7	n/a	n/a	n/a	466.6223173000035	0.0	choice	n/a	n/a	n/a	[]	n/a	m	n/a	3	False	3
3	retr_1	block1	A	n/a	8	retrieval_ITIcross	n/a	n/a	467.1351289000013	0.4003026666507594	fixcross	n/a	n/a	n/a	n/a	n/a	n/a	n/a	n/a	n/a	2
3	retr_1	block1	A	n/a	8	image_1_retr	dog/dog_49.jpg	dog/dog_49.jpg	467.60135869996157	1.0002642666843258	image	5	467.60140949999914	5.080003757029772e-05	n/a	n/a	n/a	n/a	n/a	n/a	n/a
3	n/a	n/a	n/a	n/a	n/a	image_1_retr	n/a	n/a	467.60140949999914	0.0	trigger	5	n/a	n/a	n/a	n/a	n/a	n/a	n/a	n/a	n/a
3	retr_1	block1	A	n/a	8	image_2_retr	hand/hand_16.jpg	hand/hand_16.jpg	468.88485400000354	0.9992077666140631	image	8	468.8848977999878	4.379998426884413e-05	n/a	n/a	n/a	n/a	n/a	n/a	n/a
3	n/a	n/a	n/a	n/a	n/a	image_2_retr	n/a	n/a	468.8848977999878	0.0	trigger	8	n/a	n/a	n/a	n/a	n/a	n/a	n/a	n/a	n/a
3	n/a	n/a	n/a	n/a	n/a	reflection_start	n/a	n/a	470.13400089996867	0.0	trigger	31	n/a	n/a	n/a	n/a	n/a	n/a	n/a	n/a	n/a
3	n/a	n/a	n/a	n/a	n/a	reflection_end	n/a	n/a	472.0181379999849	0.0	trigger	32	n/a	n/a	n/a	n/a	n/a	n/a	n/a	n/a	n/a
3	n/a	n/a	n/a	n/a	n/a	order_options	n/a	n/a	472.06688040000154	0.0	trigger	59	n/a	n/a	n/a	n/a	n/a	n/a	n/a	n/a	n/a
3	n/a	n/a	n/a	n/a	n/a	distance_options	n/a	n/a	475.5663182999706	0.0	trigger	58	n/a	n/a	n/a	n/a	n/a	n/a	n/a	n/a	n/a
3	retr_distance	block1	A	n/a	8	n/a	n/a	n/a	479.0351062999689	0.0	choice	n/a	n/a	n/a	[]	n/a	m	n/a	2	False	2
3	retr_1	block1	A	n/a	9	retrieval_ITIcross	n/a	n/a	479.5477916999953	0.6002313666433565	fixcross	n/a	n/a	n/a	n/a	n/a	n/a	n/a	n/a	n/a	4
3	retr_1	block1	A	n/a	9	image_1_retr	flower/flower_17.jpg	flower/flower_17.jpg	480.1807123000035	1.0003152666652113	image	6	480.1807567999931	4.449998959898949e-05	n/a	n/a	n/a	n/a	n/a	n/a	n/a
3	n/a	n/a	n/a	n/a	n/a	image_1_retr	n/a	n/a	480.1807567999931	0.0	trigger	6	n/a	n/a	n/a	n/a	n/a	n/a	n/a	n/a	n/a
3	retr_1	block1	A	n/a	9	image_2_retr	bread/bread_29.jpg	bread/bread_29.jpg	481.4643459999934	0.999032866679272	image	3	481.46439079998527	4.47999918833375e-05	n/a	n/a	n/a	n/a	n/a	n/a	n/a
3	n/a	n/a	n/a	n/a	n/a	image_2_retr	n/a	n/a	481.46439079998527	0.0	trigger	3	n/a	n/a	n/a	n/a	n/a	n/a	n/a	n/a	n/a
3	n/a	n/a	n/a	n/a	n/a	reflection_start	n/a	n/a	482.71341699996265	0.0	trigger	31	n/a	n/a	n/a	n/a	n/a	n/a	n/a	n/a	n/a
3	n/a	n/a	n/a	n/a	n/a	reflection_end	n/a	n/a	484.46403869998176	0.0	trigger	32	n/a	n/a	n/a	n/a	n/a	n/a	n/a	n/a	n/a
3	n/a	n/a	n/a	n/a	n/a	order_options	n/a	n/a	484.4960039999569	0.0	trigger	59	n/a	n/a	n/a	n/a	n/a	n/a	n/a	n/a	n/a
3	n/a	n/a	n/a	n/a	n/a	distance_options	n/a	n/a	488.0118418999482	0.0	trigger	58	n/a	n/a	n/a	n/a	n/a	n/a	n/a	n/a	n/a
3	retr_distance	block1	A	n/a	9	n/a	n/a	n/a	491.4643764999928	0.0	choice	n/a	n/a	n/a	[]	n/a	m	n/a	4	False	4
3	retr_1	block1	A	n/a	10	retrieval_ITIcross	n/a	n/a	491.9770465999609	0.6498087666734591	fixcross	n/a	n/a	n/a	n/a	n/a	n/a	n/a	n/a	n/a	3
3	retr_1	block1	A	n/a	10	image_1_retr	bicycle/bicycle_06.jpg	bicycle/bicycle_06.jpg	492.64406769996276	0.9991280667056799	image	2	492.6441036000033	3.590004052966833e-05	n/a	n/a	n/a	n/a	n/a	n/a	n/a
3	n/a	n/a	n/a	n/a	n/a	image_1_retr	n/a	n/a	492.6441036000033	0.0	trigger	2	n/a	n/a	n/a	n/a	n/a	n/a	n/a	n/a	n/a
3	retr_1	block1	A	n/a	10	image_2_retr	house/house_35.jpg	house/house_35.jpg	493.9432131999638	1.0001700666655324	image	9	493.94328319997294	7.000000914558768e-05	n/a	n/a	n/a	n/a	n/a	n/a	n/a
3	n/a	n/a	n/a	n/a	n/a	image_2_retr	n/a	n/a	493.94328319997294	0.0	trigger	9	n/a	n/a	n/a	n/a	n/a	n/a	n/a	n/a	n/a
3	n/a	n/a	n/a	n/a	n/a	reflection_start	n/a	n/a	495.1935046999715	0.0	trigger	31	n/a	n/a	n/a	n/a	n/a	n/a	n/a	n/a	n/a
3	n/a	n/a	n/a	n/a	n/a	reflection_end	n/a	n/a	497.02680049999617	0.0	trigger	32	n/a	n/a	n/a	n/a	n/a	n/a	n/a	n/a	n/a
3	n/a	n/a	n/a	n/a	n/a	order_options	n/a	n/a	497.07552650000434	0.0	trigger	59	n/a	n/a	n/a	n/a	n/a	n/a	n/a	n/a	n/a
3	n/a	n/a	n/a	n/a	n/a	distance_options	n/a	n/a	500.57506780000404	0.0	trigger	58	n/a	n/a	n/a	n/a	n/a	n/a	n/a	n/a	n/a
3	retr_distance	block1	A	n/a	10	n/a	n/a	n/a	504.0522147999727	0.0	choice	n/a	n/a	n/a	[]	n/a	m	n/a	3	False	3
3	retr_1	block1	A	n/a	11	retrieval_ITIcross	n/a	n/a	504.57331539998995	0.6002776666466616	fixcross	n/a	n/a	n/a	n/a	n/a	n/a	n/a	n/a	n/a	5
3	retr_1	block1	A	n/a	11	image_1_retr	jacket/jacket_44.jpg	jacket/jacket_44.jpg	505.2730284999707	1.0002650666904174	image	10	505.27309759997297	6.910000229254365e-05	n/a	n/a	n/a	n/a	n/a	n/a	n/a
3	n/a	n/a	n/a	n/a	n/a	image_1_retr	n/a	n/a	505.27309759997297	0.0	trigger	10	n/a	n/a	n/a	n/a	n/a	n/a	n/a	n/a	n/a
3	retr_1	block1	A	n/a	11	image_2_retr	hammer/hammer_16.jpg	hammer/hammer_16.jpg	506.5398593999562	0.9991770666713364	image	7	506.5399336999981	7.430004188790917e-05	n/a	n/a	n/a	n/a	n/a	n/a	n/a
3	n/a	n/a	n/a	n/a	n/a	image_2_retr	n/a	n/a	506.5399336999981	0.0	trigger	7	n/a	n/a	n/a	n/a	n/a	n/a	n/a	n/a	n/a
3	n/a	n/a	n/a	n/a	n/a	reflection_start	n/a	n/a	507.78922639996745	0.0	trigger	31	n/a	n/a	n/a	n/a	n/a	n/a	n/a	n/a	n/a
3	n/a	n/a	n/a	n/a	n/a	reflection_end	n/a	n/a	510.00562999997055	0.0	trigger	32	n/a	n/a	n/a	n/a	n/a	n/a	n/a	n/a	n/a
3	n/a	n/a	n/a	n/a	n/a	order_options	n/a	n/a	510.03808229998685	0.0	trigger	59	n/a	n/a	n/a	n/a	n/a	n/a	n/a	n/a	n/a
3	n/a	n/a	n/a	n/a	n/a	distance_options	n/a	n/a	513.5541609999491	0.0	trigger	58	n/a	n/a	n/a	n/a	n/a	n/a	n/a	n/a	n/a
3	retr_distance	block1	A	n/a	11	n/a	n/a	n/a	517.0230075999862	0.0	choice	n/a	n/a	n/a	[]	n/a	m	n/a	5	False	5
3	retr_1	block1	A	n/a	12	retrieval_ITIcross	n/a	n/a	517.5400045999559	0.36278976669223084	fixcross	n/a	n/a	n/a	n/a	n/a	n/a	n/a	n/a	n/a	2
3	retr_1	block1	A	n/a	12	image_1_retr	flower/flower_17.jpg	flower/flower_17.jpg	517.9521460999968	1.0003901666534603	image	6	517.952198199986	5.2099989261478186e-05	n/a	n/a	n/a	n/a	n/a	n/a	n/a
3	n/a	n/a	n/a	n/a	n/a	image_1_retr	n/a	n/a	517.952198199986	0.0	trigger	6	n/a	n/a	n/a	n/a	n/a	n/a	n/a	n/a	n/a
3	retr_1	block1	A	n/a	12	image_2_retr	ball/ball_11.jpg	ball/ball_11.jpg	519.3357615999994	1.0167953666571066	image	1	519.3358215999906	5.9999991208314896e-05	n/a	n/a	n/a	n/a	n/a	n/a	n/a
3	n/a	n/a	n/a	n/a	n/a	image_2_retr	n/a	n/a	519.3358215999906	0.0	trigger	1	n/a	n/a	n/a	n/a	n/a	n/a	n/a	n/a	n/a
3	n/a	n/a	n/a	n/a	n/a	reflection_start	n/a	n/a	520.6022736000014	0.0	trigger	31	n/a	n/a	n/a	n/a	n/a	n/a	n/a	n/a	n/a
3	n/a	n/a	n/a	n/a	n/a	reflection_end	n/a	n/a	522.7842811999726	0.0	trigger	32	n/a	n/a	n/a	n/a	n/a	n/a	n/a	n/a	n/a
3	n/a	n/a	n/a	n/a	n/a	order_options	n/a	n/a	522.817898499954	0.0	trigger	59	n/a	n/a	n/a	n/a	n/a	n/a	n/a	n/a	n/a
3	n/a	n/a	n/a	n/a	n/a	distance_options	n/a	n/a	526.3336245999672	0.0	trigger	58	n/a	n/a	n/a	n/a	n/a	n/a	n/a	n/a	n/a
3	retr_distance	block1	A	n/a	12	n/a	n/a	n/a	529.8032053000061	0.0	choice	n/a	n/a	n/a	[]	n/a	m	n/a	2	False	2
3	retr_1	block1	A	n/a	13	retrieval_ITIcross	n/a	n/a	530.3150084999506	0.43393046671212687	fixcross	n/a	n/a	n/a	n/a	n/a	n/a	n/a	n/a	n/a	3
3	retr_1	block1	A	n/a	13	image_1_retr	jacket/jacket_44.jpg	jacket/jacket_44.jpg	530.7981424999889	1.0002999666651249	image	10	530.7982011999702	5.8699981309473515e-05	n/a	n/a	n/a	n/a	n/a	n/a	n/a
3	n/a	n/a	n/a	n/a	n/a	image_1_retr	n/a	n/a	530.7982011999702	0.0	trigger	10	n/a	n/a	n/a	n/a	n/a	n/a	n/a	n/a	n/a
3	retr_1	block1	A	n/a	13	image_2_retr	bread/bread_29.jpg	bread/bread_29.jpg	532.0817987999762	1.0162350666398652	image	3	532.0818638000055	6.500002928078175e-05	n/a	n/a	n/a	n/a	n/a	n/a	n/a
3	n/a	n/a	n/a	n/a	n/a	image_2_retr	n/a	n/a	532.0818638000055	0.0	trigger	3	n/a	n/a	n/a	n/a	n/a	n/a	n/a	n/a	n/a
3	n/a	n/a	n/a	n/a	n/a	reflection_start	n/a	n/a	533.3481263999711	0.0	trigger	31	n/a	n/a	n/a	n/a	n/a	n/a	n/a	n/a	n/a
3	n/a	n/a	n/a	n/a	n/a	reflection_end	n/a	n/a	535.5636526999879	0.0	trigger	32	n/a	n/a	n/a	n/a	n/a	n/a	n/a	n/a	n/a
3	n/a	n/a	n/a	n/a	n/a	order_options	n/a	n/a	535.5973288999521	0.0	trigger	59	n/a	n/a	n/a	n/a	n/a	n/a	n/a	n/a	n/a
3	n/a	n/a	n/a	n/a	n/a	distance_options	n/a	n/a	539.1122297999682	0.0	trigger	58	n/a	n/a	n/a	n/a	n/a	n/a	n/a	n/a	n/a
3	retr_distance	block1	A	n/a	13	n/a	n/a	n/a	542.5822780999588	0.0	choice	n/a	n/a	n/a	[]	n/a	m	n/a	3	False	3
3	retr_1	block1	A	n/a	14	retrieval_ITIcross	n/a	n/a	543.0943066999898	0.6831798666428313	fixcross	n/a	n/a	n/a	n/a	n/a	n/a	n/a	n/a	n/a	5
3	retr_1	block1	A	n/a	14	image_1_retr	hand/hand_16.jpg	hand/hand_16.jpg	543.8113983999938	0.9991519666548356	image	8	543.8114565999713	5.819997750222683e-05	n/a	n/a	n/a	n/a	n/a	n/a	n/a
3	n/a	n/a	n/a	n/a	n/a	image_1_retr	n/a	n/a	543.8114565999713	0.0	trigger	8	n/a	n/a	n/a	n/a	n/a	n/a	n/a	n/a	n/a
3	retr_1	block1	A	n/a	14	image_2_retr	bicycle/bicycle_06.jpg	bicycle/bicycle_06.jpg	545.0937980999588	1.000245766659873	image	2	545.0938519999618	5.390000296756625e-05	n/a	n/a	n/a	n/a	n/a	n/a	n/a
3	n/a	n/a	n/a	n/a	n/a	image_2_retr	n/a	n/a	545.0938519999618	0.0	trigger	2	n/a	n/a	n/a	n/a	n/a	n/a	n/a	n/a	n/a
3	n/a	n/a	n/a	n/a	n/a	reflection_start	n/a	n/a	546.3439545999863	0.0	trigger	31	n/a	n/a	n/a	n/a	n/a	n/a	n/a	n/a	n/a
3	n/a	n/a	n/a	n/a	n/a	reflection_end	n/a	n/a	548.1440287999576	0.0	trigger	32	n/a	n/a	n/a	n/a	n/a	n/a	n/a	n/a	n/a
3	n/a	n/a	n/a	n/a	n/a	order_options	n/a	n/a	548.1930035999976	0.0	trigger	59	n/a	n/a	n/a	n/a	n/a	n/a	n/a	n/a	n/a
3	n/a	n/a	n/a	n/a	n/a	distance_options	n/a	n/a	551.6924162999494	0.0	trigger	58	n/a	n/a	n/a	n/a	n/a	n/a	n/a	n/a	n/a
3	retr_distance	block1	A	n/a	14	n/a	n/a	n/a	555.1610113999923	0.0	choice	n/a	n/a	n/a	[]	n/a	m	n/a	5	False	5
3	retr_1	block1	A	n/a	15	retrieval_ITIcross	n/a	n/a	555.6739260999602	0.24963056669025718	fixcross	n/a	n/a	n/a	n/a	n/a	n/a	n/a	n/a	n/a	4
3	retr_1	block1	A	n/a	15	image_1_retr	chair/chair_11.jpg	chair/chair_11.jpg	555.9408770999871	0.9992079666737936	image	4	555.9409565999522	7.949996506795287e-05	n/a	n/a	n/a	n/a	n/a	n/a	n/a
3	n/a	n/a	n/a	n/a	n/a	image_1_retr	n/a	n/a	555.9409565999522	0.0	trigger	4	n/a	n/a	n/a	n/a	n/a	n/a	n/a	n/a	n/a
3	retr_1	block1	A	n/a	15	image_2_retr	dog/dog_49.jpg	dog/dog_49.jpg	557.2566026999848	1.003378166646371	image	5	557.2566832999582	8.059997344389558e-05	n/a	n/a	n/a	n/a	n/a	n/a	n/a
3	n/a	n/a	n/a	n/a	n/a	image_2_retr	n/a	n/a	557.2566832999582	0.0	trigger	5	n/a	n/a	n/a	n/a	n/a	n/a	n/a	n/a	n/a
3	n/a	n/a	n/a	n/a	n/a	reflection_start	n/a	n/a	558.5069973999634	0.0	trigger	31	n/a	n/a	n/a	n/a	n/a	n/a	n/a	n/a	n/a
3	n/a	n/a	n/a	n/a	n/a	reflection_end	n/a	n/a	560.7399577999604	0.0	trigger	32	n/a	n/a	n/a	n/a	n/a	n/a	n/a	n/a	n/a
3	n/a	n/a	n/a	n/a	n/a	order_options	n/a	n/a	560.7721267999732	0.0	trigger	59	n/a	n/a	n/a	n/a	n/a	n/a	n/a	n/a	n/a
3	n/a	n/a	n/a	n/a	n/a	distance_options	n/a	n/a	564.2879218999879	0.0	trigger	58	n/a	n/a	n/a	n/a	n/a	n/a	n/a	n/a	n/a
3	retr_distance	block1	A	n/a	15	n/a	n/a	n/a	567.7407358000055	0.0	choice	n/a	n/a	n/a	[]	n/a	m	n/a	4	False	4
3	retr_1	block1	A	n/a	16	retrieval_ITIcross	n/a	n/a	568.2530652999994	0.7497980666269086	fixcross	n/a	n/a	n/a	n/a	n/a	n/a	n/a	n/a	n/a	2
3	retr_1	block1	A	n/a	16	image_1_retr	bread/bread_29.jpg	bread/bread_29.jpg	569.0367470000056	0.9992433666523084	image	3	569.0367929000058	4.5900000259280205e-05	n/a	n/a	n/a	n/a	n/a	n/a	n/a
3	n/a	n/a	n/a	n/a	n/a	image_1_retr	n/a	n/a	569.0367929000058	0.0	trigger	3	n/a	n/a	n/a	n/a	n/a	n/a	n/a	n/a	n/a
3	retr_1	block1	A	n/a	16	image_2_retr	hammer/hammer_16.jpg	hammer/hammer_16.jpg	570.3024734999635	1.0002521667086057	image	7	570.3025484999525	7.499998901039362e-05	n/a	n/a	n/a	n/a	n/a	n/a	n/a
3	n/a	n/a	n/a	n/a	n/a	image_2_retr	n/a	n/a	570.3025484999525	0.0	trigger	7	n/a	n/a	n/a	n/a	n/a	n/a	n/a	n/a	n/a
3	n/a	n/a	n/a	n/a	n/a	reflection_start	n/a	n/a	571.5527885999763	0.0	trigger	31	n/a	n/a	n/a	n/a	n/a	n/a	n/a	n/a	n/a
3	n/a	n/a	n/a	n/a	n/a	reflection_end	n/a	n/a	573.4686634999816	0.0	trigger	32	n/a	n/a	n/a	n/a	n/a	n/a	n/a	n/a	n/a
3	n/a	n/a	n/a	n/a	n/a	order_options	n/a	n/a	573.5029929999728	0.0	trigger	59	n/a	n/a	n/a	n/a	n/a	n/a	n/a	n/a	n/a
3	n/a	n/a	n/a	n/a	n/a	distance_options	n/a	n/a	577.0177527999622	0.0	trigger	58	n/a	n/a	n/a	n/a	n/a	n/a	n/a	n/a	n/a
3	retr_distance	block1	A	n/a	16	n/a	n/a	n/a	580.4700626999838	0.0	choice	n/a	n/a	n/a	[]	n/a	m	n/a	2	False	2
3	retr_1	block1	A	n/a	17	retrieval_ITIcross	n/a	n/a	580.9824208999635	0.6500382666747555	fixcross	n/a	n/a	n/a	n/a	n/a	n/a	n/a	n/a	n/a	5
3	retr_1	block1	A	n/a	17	image_1_retr	ball/ball_11.jpg	ball/ball_11.jpg	581.8241183999926	1.0082215666227512	image	1	581.8241749999579	5.659996531903744e-05	n/a	n/a	n/a	n/a	n/a	n/a	n/a
3	n/a	n/a	n/a	n/a	n/a	image_1_retr	n/a	n/a	581.8241749999579	0.0	trigger	1	n/a	n/a	n/a	n/a	n/a	n/a	n/a	n/a	n/a
3	retr_1	block1	A	n/a	17	image_2_retr	chair/chair_11.jpg	chair/chair_11.jpg	583.0984041999909	1.0003087666739248	image	4	583.0984671000042	6.290001329034567e-05	n/a	n/a	n/a	n/a	n/a	n/a	n/a
3	n/a	n/a	n/a	n/a	n/a	image_2_retr	n/a	n/a	583.0984671000042	0.0	trigger	4	n/a	n/a	n/a	n/a	n/a	n/a	n/a	n/a	n/a
3	n/a	n/a	n/a	n/a	n/a	reflection_start	n/a	n/a	584.3488180999993	0.0	trigger	31	n/a	n/a	n/a	n/a	n/a	n/a	n/a	n/a	n/a
3	n/a	n/a	n/a	n/a	n/a	reflection_end	n/a	n/a	586.2980280999909	0.0	trigger	32	n/a	n/a	n/a	n/a	n/a	n/a	n/a	n/a	n/a
3	n/a	n/a	n/a	n/a	n/a	order_options	n/a	n/a	586.3314163999748	0.0	trigger	59	n/a	n/a	n/a	n/a	n/a	n/a	n/a	n/a	n/a
3	n/a	n/a	n/a	n/a	n/a	distance_options	n/a	n/a	589.8470355999889	0.0	trigger	58	n/a	n/a	n/a	n/a	n/a	n/a	n/a	n/a	n/a
3	retr_distance	block1	A	n/a	17	n/a	n/a	n/a	593.2994240999687	0.0	choice	n/a	n/a	n/a	[]	n/a	m	n/a	5	False	5
3	retr_1	block1	A	n/a	18	retrieval_ITIcross	n/a	n/a	593.8115840999526	0.38342176669198125	fixcross	n/a	n/a	n/a	n/a	n/a	n/a	n/a	n/a	n/a	4
3	retr_1	block1	A	n/a	18	image_1_retr	house/house_35.jpg	house/house_35.jpg	594.245527799998	0.999128466650518	image	9	594.245600699971	7.289997301995754e-05	n/a	n/a	n/a	n/a	n/a	n/a	n/a
3	n/a	n/a	n/a	n/a	n/a	image_1_retr	n/a	n/a	594.245600699971	0.0	trigger	9	n/a	n/a	n/a	n/a	n/a	n/a	n/a	n/a	n/a
3	retr_1	block1	A	n/a	18	image_2_retr	jacket/jacket_44.jpg	jacket/jacket_44.jpg	595.5611359999748	1.0003533666642852	image	10	595.5611964999698	6.049999501556158e-05	n/a	n/a	n/a	n/a	n/a	n/a	n/a
3	n/a	n/a	n/a	n/a	n/a	image_2_retr	n/a	n/a	595.5611964999698	0.0	trigger	10	n/a	n/a	n/a	n/a	n/a	n/a	n/a	n/a	n/a
3	n/a	n/a	n/a	n/a	n/a	reflection_start	n/a	n/a	596.8114291999955	0.0	trigger	31	n/a	n/a	n/a	n/a	n/a	n/a	n/a	n/a	n/a
3	n/a	n/a	n/a	n/a	n/a	reflection_end	n/a	n/a	599.0444329999737	0.0	trigger	32	n/a	n/a	n/a	n/a	n/a	n/a	n/a	n/a	n/a
3	n/a	n/a	n/a	n/a	n/a	order_options	n/a	n/a	599.093544000003	0.0	trigger	59	n/a	n/a	n/a	n/a	n/a	n/a	n/a	n/a	n/a
3	n/a	n/a	n/a	n/a	n/a	distance_options	n/a	n/a	602.5929845999926	0.0	trigger	58	n/a	n/a	n/a	n/a	n/a	n/a	n/a	n/a	n/a
