block,trial_in_block,trial_type,is_buffer,show_word,concept,concept_num,concept_num_word,exemplar_num,image_shown,word_shown_english,word_shown_german,is_prompt,is_mismatch,ITI_length,correct_response,nonmatch_pres_side,source_sequence,source_sequence_position,ITI_length_raw,block_raw,concept_num_raw,concept_num_word_raw,concept_raw,continue_button_break.duration_raw,continue_button_break.keys_raw,continue_button_break.rt_raw,correct_response_raw,exemplar_num_raw,image_shown_raw,is_buffer_raw,is_mismatch_raw,is_prompt_raw,key_resp.keys_raw,nonmatch_pres_side_raw,show_word_raw,source_sequence_position_raw,source_sequence_raw,thisN_raw,thisRepN_raw,thisTrialN_raw,trial_in_block_raw,trial_type_raw,word_shown_english_raw,word_shown_german_raw
1,1,localizer,0,1,book,7,7,6,book\book_06.png,book,Buch,1,0,1.06,None,None,None,None,1.06,1,7,7,book,nan,,nan,,6,book\book_06.png,0,0,1,,,1,,,0,0,0,1,localizer,book,Buch
1,2,localizer,0,1,car,5,5,6,car\car_06.png,car,Auto,1,0,0.76,None,None,None,None,0.76,1,5,5,car,nan,,nan,,6,car\car_06.png,0,0,1,,,1,,,1,0,1,2,localizer,car,Auto
1,3,localizer,0,1,dress,3,3,5,dress\dress_05.png,dress,Kleid,1,0,0.98,None,None,None,None,0.98,1,3,3,dress,nan,,nan,,5,dress\dress_05.png,0,0,1,,,1,,,2,0,2,3,localizer,dress,Kleid
1,4,localizer,0,1,door,4,4,7,door\door_07.png,door,Tür,1,0,0.81,None,None,None,None,0.81,1,4,4,door,nan,,nan,,7,door\door_07.png,0,0,1,,,1,,,3,0,3,4,localizer,door,Tür
1,5,localizer,0,1,car,5,5,5,car\car_05.png,car,Auto,1,0,1,None,None,None,None,1.0,1,5,5,car,nan,,nan,,5,car\car_05.png,0,0,1,,,1,,,4,0,4,5,localizer,car,Auto
1,6,localizer,0,1,ball,6,6,6,ball\ball_06.png,ball,Ball,1,0,0.94,None,None,None,None,0.94,1,6,6,ball,nan,,nan,,6,ball\ball_06.png,0,0,1,,,1,,,5,0,5,6,localizer,ball,Ball
1,7,localizer,0,1,saw,10,9,4,saw\saw_04.png,rose,Rose,1,1,0.93,r,left,None,None,0.93,1,10,9,saw,nan,,nan,r,4,saw\saw_04.png,0,1,1,,left,1,,,6,0,6,7,localizer,rose,Rose
1,8,localizer,0,1,dress,3,3,6,dress\dress_06.png,dress,Kleid,1,0,1.14,None,None,None,None,1.14,1,3,3,dress,nan,,nan,,6,dress\dress_06.png,0,0,1,,,1,,,7,0,7,8,localizer,dress,Kleid
1,9,localizer,0,1,bag,1,1,8,bag\bag_08.png,bag,Tasche,1,0,1.02,None,None,None,None,1.02,1,1,1,bag,nan,,nan,,8,bag\bag_08.png,0,0,1,,,1,,,8,0,8,9,localizer,bag,Tasche
1,10,localizer,0,1,door,4,4,8,door\door_08.png,door,Tür,1,0,1.11,None,None,None,None,1.11,1,4,4,door,nan,,nan,,8,door\door_08.png,0,0,1,,,1,,,9,0,9,10,localizer,door,Tür
1,11,localizer,0,1,rose,9,9,10,rose\rose_10.png,rose,Rose,1,0,0.82,None,None,None,None,0.82,1,9,9,rose,nan,,nan,,10,rose\rose_10.png,0,0,1,,,1,,,10,0,10,11,localizer,rose,Rose
1,12,localizer,0,1,chair,8,8,3,chair\chair_03.png,chair,Stuhl,1,0,0.82,None,None,None,None,0.82,1,8,8,chair,nan,,nan,,3,chair\chair_03.png,0,0,1,,,1,,,11,0,11,12,localizer,chair,Stuhl
1,13,localizer,0,1,saw,10,10,1,saw\saw_01.png,saw,Säge,1,0,1.15,None,None,None,None,1.15,1,10,10,saw,nan,,nan,,1,saw\saw_01.png,0,0,1,,,1,,,12,0,12,13,localizer,saw,Säge
1,14,localizer,0,1,rose,9,9,2,rose\rose_02.png,rose,Rose,1,0,1.19,None,None,None,None,1.19,1,9,9,rose,nan,,nan,,2,rose\rose_02.png,0,0,1,,,1,,,13,0,13,14,localizer,rose,Rose
1,15,localizer,0,1,chair,8,7,10,chair\chair_10.png,book,Buch,1,1,1.19,r,right,None,None,1.19,1,8,7,chair,nan,,nan,r,10,chair\chair_10.png,0,1,1,,right,1,,,14,0,14,15,localizer,book,Buch
1,16,localizer,0,1,fish,2,2,1,fish\fish_01.png,fish,Fisch,1,0,1.07,None,None,None,None,1.07,1,2,2,fish,nan,,nan,,1,fish\fish_01.png,0,0,1,,,1,,,15,0,15,16,localizer,fish,Fisch
1,17,localizer,0,1,bag,1,1,6,bag\bag_06.png,bag,Tasche,1,0,1.12,None,None,None,None,1.12,1,1,1,bag,nan,,nan,,6,bag\bag_06.png,0,0,1,,,1,,,16,0,16,17,localizer,bag,Tasche
1,18,localizer,0,1,book,7,7,5,book\book_05.png,book,Buch,1,0,0.92,None,None,None,None,0.92,1,7,7,book,nan,,nan,,5,book\book_05.png,0,0,1,,,1,,,17,0,17,18,localizer,book,Buch
1,19,localizer,0,1,ball,6,6,2,ball\ball_02.png,ball,Ball,1,0,0.86,None,None,None,None,0.86,1,6,6,ball,nan,,nan,,2,ball\ball_02.png,0,0,1,,,1,,,18,0,18,19,localizer,ball,Ball
1,20,localizer,0,1,chair,8,8,5,chair\chair_05.png,chair,Stuhl,1,0,1.04,None,None,None,None,1.04,1,8,8,chair,nan,,nan,,5,chair\chair_05.png,0,0,1,,,1,,,19,0,19,20,localizer,chair,Stuhl
1,21,localizer,0,1,bag,1,1,2,bag\bag_02.png,bag,Tasche,1,0,0.89,None,None,None,None,0.89,1,1,1,bag,nan,,nan,,2,bag\bag_02.png,0,0,1,,,1,,,20,0,20,21,localizer,bag,Tasche
1,22,localizer,0,1,car,5,5,9,car\car_09.png,car,Auto,1,0,0.97,None,None,None,None,0.97,1,5,5,car,nan,,nan,,9,car\car_09.png,0,0,1,,,1,,,21,0,21,22,localizer,car,Auto
1,23,localizer,0,1,dress,3,3,9,dress\dress_09.png,dress,Kleid,1,0,1.15,None,None,None,None,1.15,1,3,3,dress,nan,,nan,,9,dress\dress_09.png,0,0,1,,,1,,,22,0,22,23,localizer,dress,Kleid
1,24,localizer,0,1,saw,10,10,5,saw\saw_05.png,saw,Säge,1,0,0.9,None,None,None,None,0.9,1,10,10,saw,nan,,nan,,5,saw\saw_05.png,0,0,1,,,1,,,23,0,23,24,localizer,saw,Säge
1,25,localizer,0,1,ball,6,6,3,ball\ball_03.png,ball,Ball,1,0,1.17,None,None,None,None,1.17,1,6,6,ball,nan,,nan,,3,ball\ball_03.png,0,0,1,,,1,,,24,0,24,25,localizer,ball,Ball
1,26,localizer,0,1,dress,3,3,2,dress\dress_02.png,dress,Kleid,1,0,0.97,None,None,None,None,0.97,1,3,3,dress,nan,,nan,,2,dress\dress_02.png,0,0,1,,,1,,,25,0,25,26,localizer,dress,Kleid
1,27,localizer,0,1,bag,1,5,1,bag\bag_01.png,car,Auto,1,1,0.82,r,right,None,None,0.82,1,1,5,bag,nan,,nan,r,1,bag\bag_01.png,0,1,1,,right,1,,,26,0,26,27,localizer,car,Auto
1,28,localizer,0,1,door,4,4,5,door\door_05.png,door,Tür,1,0,0.88,None,None,None,None,0.88,1,4,4,door,nan,,nan,,5,door\door_05.png,0,0,1,,,1,,,27,0,27,28,localizer,door,Tür
1,29,localizer,0,1,fish,2,2,3,fish\fish_03.png,fish,Fisch,1,0,1.13,None,None,None,None,1.13,1,2,2,fish,nan,,nan,,3,fish\fish_03.png,0,0,1,,,1,,,28,0,28,29,localizer,fish,Fisch
1,30,localizer,0,1,chair,8,8,7,chair\chair_07.png,chair,Stuhl,1,0,0.82,None,None,None,None,0.82,1,8,8,chair,nan,,nan,,7,chair\chair_07.png,0,0,1,,,1,,,29,0,29,30,localizer,chair,Stuhl
1,31,localizer,0,1,book,7,7,4,book\book_04.png,book,Buch,1,0,0.86,None,None,None,None,0.86,1,7,7,book,nan,,nan,,4,book\book_04.png,0,0,1,,,1,,,30,0,30,31,localizer,book,Buch
1,32,localizer,0,1,rose,9,9,5,rose\rose_05.png,rose,Rose,1,0,0.8,None,None,None,None,0.8,1,9,9,rose,nan,,nan,,5,rose\rose_05.png,0,0,1,,,1,,,31,0,31,32,localizer,rose,Rose
1,33,localizer,0,1,door,4,4,1,door\door_01.png,door,Tür,1,0,0.83,None,None,None,None,0.83,1,4,4,door,nan,,nan,,1,door\door_01.png,0,0,1,,,1,,,32,0,32,33,localizer,door,Tür
1,34,localizer,0,1,rose,9,9,7,rose\rose_07.png,rose,Rose,1,0,1,None,None,None,None,1.0,1,9,9,rose,nan,,nan,,7,rose\rose_07.png,0,0,1,,,1,,,33,0,33,34,localizer,rose,Rose
1,35,localizer,0,1,book,7,7,9,book\book_09.png,book,Buch,1,0,0.79,None,None,None,None,0.79,1,7,7,book,nan,,nan,,9,book\book_09.png,0,0,1,,,1,,,34,0,34,35,localizer,book,Buch
1,36,localizer,0,1,rose,9,8,4,rose\rose_04.png,chair,Stuhl,1,1,1.1,r,right,None,None,1.1,1,9,8,rose,nan,,nan,r,4,rose\rose_04.png,0,1,1,,right,1,,,35,0,35,36,localizer,chair,Stuhl
1,37,localizer,0,1,car,5,5,1,car\car_01.png,car,Auto,1,0,1.09,None,None,None,None,1.09,1,5,5,car,nan,,nan,,1,car\car_01.png,0,0,1,,,1,,,36,0,36,37,localizer,car,Auto
1,38,localizer,0,1,saw,10,10,8,saw\saw_08.png,saw,Säge,1,0,0.89,None,None,None,None,0.89,1,10,10,saw,nan,,nan,,8,saw\saw_08.png,0,0,1,,,1,,,37,0,37,38,localizer,saw,Säge
1,39,localizer,0,1,fish,2,2,4,fish\fish_04.png,fish,Fisch,1,0,1.08,None,None,None,None,1.08,1,2,2,fish,nan,,nan,,4,fish\fish_04.png,0,0,1,,,1,,,38,0,38,39,localizer,fish,Fisch
1,40,localizer,0,1,chair,8,8,4,chair\chair_04.png,chair,Stuhl,1,0,1.2,None,None,None,None,1.2,1,8,8,chair,nan,,nan,,4,chair\chair_04.png,0,0,1,,,1,,,39,0,39,40,localizer,chair,Stuhl
1,41,localizer,0,1,fish,2,2,2,fish\fish_02.png,fish,Fisch,1,0,0.96,None,None,None,None,0.96,1,2,2,fish,nan,,nan,,2,fish\fish_02.png,0,0,1,,,1,,,40,0,40,41,localizer,fish,Fisch
1,42,localizer,0,1,saw,10,10,10,saw\saw_10.png,saw,Säge,1,0,0.83,None,None,None,None,0.83,1,10,10,saw,nan,,nan,,10,saw\saw_10.png,0,0,1,,,1,,,41,0,41,42,localizer,saw,Säge
1,43,localizer,0,1,book,7,5,1,book\book_01.png,car,Auto,1,1,1.01,r,right,None,None,1.01,1,7,5,book,nan,,nan,r,1,book\book_01.png,0,1,1,,right,1,,,42,0,42,43,localizer,car,Auto
1,44,localizer,0,1,ball,6,6,10,ball\ball_10.png,ball,Ball,1,0,1.11,None,None,None,None,1.11,1,6,6,ball,nan,,nan,,10,ball\ball_10.png,0,0,1,,,1,,,43,0,43,44,localizer,ball,Ball
1,45,localizer,0,1,dress,3,3,1,dress\dress_01.png,dress,Kleid,1,0,0.99,None,None,None,None,0.99,1,3,3,dress,nan,,nan,,1,dress\dress_01.png,0,0,1,,,1,,,44,0,44,45,localizer,dress,Kleid
1,46,localizer,0,1,car,5,5,2,car\car_02.png,car,Auto,1,0,1.03,None,None,None,None,1.03,1,5,5,car,nan,,nan,,2,car\car_02.png,0,0,1,,,1,,,45,0,45,46,localizer,car,Auto
1,47,localizer,0,1,fish,2,2,7,fish\fish_07.png,fish,Fisch,1,0,0.95,None,None,None,None,0.95,1,2,2,fish,nan,,nan,,7,fish\fish_07.png,0,0,1,,,1,,,46,0,46,47,localizer,fish,Fisch
1,48,localizer,0,1,door,4,4,3,door\door_03.png,door,Tür,1,0,0.92,None,None,None,None,0.92,1,4,4,door,nan,,nan,,3,door\door_03.png,0,0,1,,,1,,,47,0,47,48,localizer,door,Tür
1,49,localizer,0,1,bag,1,1,9,bag\bag_09.png,bag,Tasche,1,0,1.13,None,None,None,None,1.13,1,1,1,bag,nan,,nan,,9,bag\bag_09.png,0,0,1,,,1,,,48,0,48,49,localizer,bag,Tasche
1,50,localizer,0,1,ball,6,6,1,ball\ball_01.png,ball,Ball,1,0,0.93,None,None,None,None,0.93,1,6,6,ball,0.08983179996721447,r,0.47750799998175353,,1,ball\ball_01.png,0,0,1,,,1,,,49,0,49,50,localizer,ball,Ball
2,1,localizer,0,1,dress,3,3,7,dress\dress_07.png,dress,Kleid,1,0,1.07,None,None,None,None,1.07,2,3,3,dress,nan,,nan,,7,dress\dress_07.png,0,0,1,,,1,,,50,0,50,1,localizer,dress,Kleid
2,2,localizer,0,1,book,7,7,3,book\book_03.png,book,Buch,1,0,0.81,None,None,None,None,0.81,2,7,7,book,nan,,nan,,3,book\book_03.png,0,0,1,,,1,,,51,0,51,2,localizer,book,Buch
2,3,localizer,0,1,dress,3,3,3,dress\dress_03.png,dress,Kleid,1,0,1.15,None,None,None,None,1.15,2,3,3,dress,nan,,nan,,3,dress\dress_03.png,0,0,1,,,1,,,52,0,52,3,localizer,dress,Kleid
2,4,localizer,0,1,bag,1,4,5,bag\bag_05.png,door,Tür,1,1,1.04,r,left,None,None,1.04,2,1,4,bag,nan,,nan,r,5,bag\bag_05.png,0,1,1,,left,1,,,53,0,53,4,localizer,door,Tür
2,5,localizer,0,1,rose,9,9,1,rose\rose_01.png,rose,Rose,1,0,1.11,None,None,None,None,1.11,2,9,9,rose,nan,,nan,,1,rose\rose_01.png,0,0,1,,,1,,,54,0,54,5,localizer,rose,Rose
2,6,localizer,0,1,chair,8,8,1,chair\chair_01.png,chair,Stuhl,1,0,1.19,None,None,None,None,1.19,2,8,8,chair,nan,,nan,,1,chair\chair_01.png,0,0,1,,,1,,,55,0,55,6,localizer,chair,Stuhl
2,7,localizer,0,1,rose,9,9,8,rose\rose_08.png,rose,Rose,1,0,0.88,None,None,None,None,0.88,2,9,9,rose,nan,,nan,,8,rose\rose_08.png,0,0,1,,,1,,,56,0,56,7,localizer,rose,Rose
2,8,localizer,0,1,chair,8,8,2,chair\chair_02.png,chair,Stuhl,1,0,1.02,None,None,None,None,1.02,2,8,8,chair,nan,,nan,,2,chair\chair_02.png,0,0,1,,,1,,,57,0,57,8,localizer,chair,Stuhl
2,9,localizer,0,1,car,5,5,4,car\car_04.png,car,Auto,1,0,1.07,None,None,None,None,1.07,2,5,5,car,nan,,nan,,4,car\car_04.png,0,0,1,,,1,,,58,0,58,9,localizer,car,Auto
2,10,localizer,0,1,saw,10,10,6,saw\saw_06.png,saw,Säge,1,0,1.02,None,None,None,None,1.02,2,10,10,saw,nan,,nan,,6,saw\saw_06.png,0,0,1,,,1,,,59,0,59,10,localizer,saw,Säge
2,11,localizer,0,1,car,5,5,8,car\car_08.png,car,Auto,1,0,0.81,None,None,None,None,0.81,2,5,5,car,nan,,nan,,8,car\car_08.png,0,0,1,,,1,,,60,0,60,11,localizer,car,Auto
2,12,localizer,0,1,bag,1,1,3,bag\bag_03.png,bag,Tasche,1,0,0.98,None,None,None,None,0.98,2,1,1,bag,nan,,nan,,3,bag\bag_03.png,0,0,1,,,1,,,61,0,61,12,localizer,bag,Tasche
2,13,localizer,0,1,door,4,4,10,door\door_10.png,door,Tür,1,0,1.16,None,None,None,None,1.16,2,4,4,door,nan,,nan,,10,door\door_10.png,0,0,1,,,1,,,62,0,62,13,localizer,door,Tür
2,14,localizer,0,1,rose,9,9,9,rose\rose_09.png,rose,Rose,1,0,1.13,None,None,None,None,1.13,2,9,9,rose,nan,,nan,,9,rose\rose_09.png,0,0,1,,,1,,,63,0,63,14,localizer,rose,Rose
2,15,localizer,0,1,bag,1,1,7,bag\bag_07.png,bag,Tasche,1,0,0.95,None,None,None,None,0.95,2,1,1,bag,nan,,nan,,7,bag\bag_07.png,0,0,1,,,1,,,64,0,64,15,localizer,bag,Tasche
2,16,localizer,0,1,chair,8,3,8,chair\chair_08.png,dress,Kleid,1,1,1.01,r,left,None,None,1.01,2,8,3,chair,nan,,nan,r,8,chair\chair_08.png,0,1,1,,left,1,,,65,0,65,16,localizer,dress,Kleid
2,17,localizer,0,1,fish,2,2,5,fish\fish_05.png,fish,Fisch,1,0,1.23,None,None,None,None,1.23,2,2,2,fish,nan,,nan,,5,fish\fish_05.png,0,0,1,,,1,,,66,0,66,17,localizer,fish,Fisch
2,18,localizer,0,1,chair,8,8,9,chair\chair_09.png,chair,Stuhl,1,0,1.2,None,None,None,None,1.2,2,8,8,chair,nan,,nan,,9,chair\chair_09.png,0,0,1,,,1,,,67,0,67,18,localizer,chair,Stuhl
2,19,localizer,0,1,saw,10,10,3,saw\saw_03.png,saw,Säge,1,0,0.93,None,None,None,None,0.93,2,10,10,saw,nan,,nan,,3,saw\saw_03.png,0,0,1,,,1,,,68,0,68,19,localizer,saw,Säge
2,20,localizer,0,1,ball,6,6,9,ball\ball_09.png,ball,Ball,1,0,0.77,None,None,None,None,0.77,2,6,6,ball,nan,,nan,,9,ball\ball_09.png,0,0,1,,,1,,,69,0,69,20,localizer,ball,Ball
2,21,localizer,0,1,saw,10,10,9,saw\saw_09.png,saw,Säge,1,0,1.08,None,None,None,None,1.08,2,10,10,saw,nan,,nan,,9,saw\saw_09.png,0,0,1,,,1,,,70,0,70,21,localizer,saw,Säge
2,22,localizer,0,1,fish,2,2,9,fish\fish_09.png,fish,Fisch,1,0,0.81,None,None,None,None,0.81,2,2,2,fish,nan,,nan,,9,fish\fish_09.png,0,0,1,,,1,,,71,0,71,22,localizer,fish,Fisch
2,23,localizer,0,1,dress,3,3,10,dress\dress_10.png,dress,Kleid,1,0,1.03,None,None,None,None,1.03,2,3,3,dress,nan,,nan,,10,dress\dress_10.png,0,0,1,,,1,,,72,0,72,23,localizer,dress,Kleid
2,24,localizer,0,1,book,7,7,2,book\book_02.png,book,Buch,1,0,1.04,None,None,None,None,1.04,2,7,7,book,nan,,nan,,2,book\book_02.png,0,0,1,,,1,,,73,0,73,24,localizer,book,Buch
2,25,localizer,0,1,dress,3,3,8,dress\dress_08.png,dress,Kleid,1,0,0.88,None,None,None,None,0.88,2,3,3,dress,nan,,nan,,8,dress\dress_08.png,0,0,1,,,1,,,74,0,74,25,localizer,dress,Kleid
2,26,localizer,0,1,ball,6,6,7,ball\ball_07.png,ball,Ball,1,0,1.24,None,None,None,None,1.24,2,6,6,ball,nan,,nan,,7,ball\ball_07.png,0,0,1,,,1,,,75,0,75,26,localizer,ball,Ball
2,27,localizer,0,1,door,4,4,9,door\door_09.png,door,Tür,1,0,1.12,None,None,None,None,1.12,2,4,4,door,nan,,nan,,9,door\door_09.png,0,0,1,,,1,,,76,0,76,27,localizer,door,Tür
2,28,localizer,0,1,book,7,7,10,book\book_10.png,book,Buch,1,0,0.9,None,None,None,None,0.9,2,7,7,book,nan,,nan,,10,book\book_10.png,0,0,1,,,1,,,77,0,77,28,localizer,book,Buch
2,29,localizer,0,1,ball,6,6,4,ball\ball_04.png,ball,Ball,1,0,0.99,None,None,None,None,0.99,2,6,6,ball,nan,,nan,,4,ball\ball_04.png,0,0,1,,,1,,,78,0,78,29,localizer,ball,Ball
2,30,localizer,0,1,saw,10,2,7,saw\saw_07.png,fish,Fisch,1,1,1.18,r,right,None,None,1.18,2,10,2,saw,nan,,nan,r,7,saw\saw_07.png,0,1,1,,right,1,,,79,0,79,30,localizer,fish,Fisch
2,31,localizer,0,1,car,5,5,7,car\car_07.png,car,Auto,1,0,1.05,None,None,None,None,1.05,2,5,5,car,nan,,nan,,7,car\car_07.png,0,0,1,,,1,,,80,0,80,31,localizer,car,Auto
2,32,localizer,0,1,dress,3,3,4,dress\dress_04.png,dress,Kleid,1,0,1.15,None,None,None,None,1.15,2,3,3,dress,nan,,nan,,4,dress\dress_04.png,0,0,1,,,1,,,81,0,81,32,localizer,dress,Kleid
2,33,localizer,0,1,bag,1,1,4,bag\bag_04.png,bag,Tasche,1,0,1.13,None,None,None,None,1.13,2,1,1,bag,nan,,nan,,4,bag\bag_04.png,0,0,1,,,1,,,82,0,82,33,localizer,bag,Tasche
2,34,localizer,0,1,fish,2,2,6,fish\fish_06.png,fish,Fisch,1,0,0.82,None,None,None,None,0.82,2,2,2,fish,nan,,nan,,6,fish\fish_06.png,0,0,1,,,1,,,83,0,83,34,localizer,fish,Fisch
2,35,localizer,0,1,rose,9,1,6,rose\rose_06.png,bag,Tasche,1,1,1.25,r,left,None,None,1.25,2,9,1,rose,nan,,nan,r,6,rose\rose_06.png,0,1,1,,left,1,,,84,0,84,35,localizer,bag,Tasche
2,36,localizer,0,1,ball,6,6,5,ball\ball_05.png,ball,Ball,1,0,1.24,None,None,None,None,1.24,2,6,6,ball,nan,,nan,,5,ball\ball_05.png,0,0,1,,,1,,,85,0,85,36,localizer,ball,Ball
2,37,localizer,0,1,book,7,7,7,book\book_07.png,book,Buch,1,0,1.21,None,None,None,None,1.21,2,7,7,book,nan,,nan,,7,book\book_07.png,0,0,1,,,1,,,86,0,86,37,localizer,book,Buch
2,38,localizer,0,1,chair,8,8,6,chair\chair_06.png,chair,Stuhl,1,0,1.15,None,None,None,None,1.15,2,8,8,chair,nan,,nan,,6,chair\chair_06.png,0,0,1,,,1,,,87,0,87,38,localizer,chair,Stuhl
2,39,localizer,0,1,fish,2,2,10,fish\fish_10.png,fish,Fisch,1,0,1.17,None,None,None,None,1.17,2,2,2,fish,nan,,nan,,10,fish\fish_10.png,0,0,1,,,1,,,88,0,88,39,localizer,fish,Fisch
2,40,localizer,0,1,door,4,4,2,door\door_02.png,door,Tür,1,0,0.94,None,None,None,None,0.94,2,4,4,door,nan,,nan,,2,door\door_02.png,0,0,1,,,1,,,89,0,89,40,localizer,door,Tür
2,41,localizer,0,1,car,5,5,10,car\car_10.png,car,Auto,1,0,0.77,None,None,None,None,0.77,2,5,5,car,nan,,nan,,10,car\car_10.png,0,0,1,,,1,,,90,0,90,41,localizer,car,Auto
2,42,localizer,0,1,ball,6,6,8,ball\ball_08.png,ball,Ball,1,0,1.08,None,None,None,None,1.08,2,6,6,ball,nan,,nan,,8,ball\ball_08.png,0,0,1,,,1,,,91,0,91,42,localizer,ball,Ball
2,43,localizer,0,1,door,4,4,6,door\door_06.png,door,Tür,1,0,0.98,None,None,None,None,0.98,2,4,4,door,nan,,nan,,6,door\door_06.png,0,0,1,,,1,,,92,0,92,43,localizer,door,Tür
2,44,localizer,0,1,book,7,7,8,book\book_08.png,book,Buch,1,0,0.76,None,None,None,None,0.76,2,7,7,book,nan,,nan,,8,book\book_08.png,0,0,1,,,1,,,93,0,93,44,localizer,book,Buch
2,45,localizer,0,1,rose,9,9,3,rose\rose_03.png,rose,Rose,1,0,1.08,None,None,None,None,1.08,2,9,9,rose,nan,,nan,,3,rose\rose_03.png,0,0,1,,,1,,,94,0,94,45,localizer,rose,Rose
2,46,localizer,0,1,fish,2,6,8,fish\fish_08.png,ball,Ball,1,1,1.13,r,left,None,None,1.13,2,2,6,fish,nan,,nan,r,8,fish\fish_08.png,0,1,1,,left,1,,,95,0,95,46,localizer,ball,Ball
2,47,localizer,0,1,saw,10,10,2,saw\saw_02.png,saw,Säge,1,0,1.23,None,None,None,None,1.23,2,10,10,saw,nan,,nan,,2,saw\saw_02.png,0,0,1,,,1,,,96,0,96,47,localizer,saw,Säge
2,48,localizer,0,1,bag,1,1,10,bag\bag_10.png,bag,Tasche,1,0,1.21,None,None,None,None,1.21,2,1,1,bag,nan,,nan,,10,bag\bag_10.png,0,0,1,,,1,,,97,0,97,48,localizer,bag,Tasche
2,49,localizer,0,1,door,4,4,4,door\door_04.png,door,Tür,1,0,1.24,None,None,None,None,1.24,2,4,4,door,nan,,nan,,4,door\door_04.png,0,0,1,,,1,,,98,0,98,49,localizer,door,Tür
2,50,localizer,0,1,car,5,5,3,car\car_03.png,car,Auto,1,0,1.01,None,None,None,None,1.01,2,5,5,car,0.14302189997397363,r,0.4949481000076048,,3,car\car_03.png,0,0,1,,,1,,,99,0,99,50,localizer,car,Auto
3,1,localizer,0,1,dress,3,3,2,dress\dress_02.png,dress,Kleid,1,0,1.24,None,None,None,None,1.24,3,3,3,dress,nan,,nan,,2,dress\dress_02.png,0,0,1,,,1,,,100,0,100,1,localizer,dress,Kleid
3,2,localizer,0,1,bag,1,1,6,bag\bag_06.png,bag,Tasche,1,0,1.08,None,None,None,None,1.08,3,1,1,bag,nan,,nan,,6,bag\bag_06.png,0,0,1,,,1,,,101,0,101,2,localizer,bag,Tasche
3,3,localizer,0,1,rose,9,10,9,rose\rose_09.png,saw,Säge,1,1,1.08,r,right,None,None,1.08,3,9,10,rose,nan,,nan,r,9,rose\rose_09.png,0,1,1,,right,1,,,102,0,102,3,localizer,saw,Säge
3,4,localizer,0,1,door,4,4,7,door\door_07.png,door,Tür,1,0,1.03,None,None,None,None,1.03,3,4,4,door,nan,,nan,,7,door\door_07.png,0,0,1,,,1,,,103,0,103,4,localizer,door,Tür
3,5,localizer,0,1,book,7,7,8,book\book_08.png,book,Buch,1,0,1,None,None,None,None,1.0,3,7,7,book,nan,,nan,,8,book\book_08.png,0,0,1,,,1,,,104,0,104,5,localizer,book,Buch
3,6,localizer,0,1,chair,8,8,1,chair\chair_01.png,chair,Stuhl,1,0,0.96,None,None,None,None,0.96,3,8,8,chair,nan,,nan,,1,chair\chair_01.png,0,0,1,,,1,,,105,0,105,6,localizer,chair,Stuhl
3,7,localizer,0,1,saw,10,10,1,saw\saw_01.png,saw,Säge,1,0,1.04,None,None,None,None,1.04,3,10,10,saw,nan,,nan,,1,saw\saw_01.png,0,0,1,,,1,,,106,0,106,7,localizer,saw,Säge
3,8,localizer,0,1,car,5,5,10,car\car_10.png,car,Auto,1,0,0.9,None,None,None,None,0.9,3,5,5,car,nan,,nan,,10,car\car_10.png,0,0,1,,,1,,,107,0,107,8,localizer,car,Auto
3,9,localizer,0,1,ball,6,6,3,ball\ball_03.png,ball,Ball,1,0,0.9,None,None,None,None,0.9,3,6,6,ball,nan,,nan,,3,ball\ball_03.png,0,0,1,,,1,,,108,0,108,9,localizer,ball,Ball
3,10,localizer,0,1,door,4,4,2,door\door_02.png,door,Tür,1,0,1.17,None,None,None,None,1.17,3,4,4,door,nan,,nan,,2,door\door_02.png,0,0,1,,,1,,,109,0,109,10,localizer,door,Tür
3,11,localizer,0,1,rose,9,9,2,rose\rose_02.png,rose,Rose,1,0,1.17,None,None,None,None,1.17,3,9,9,rose,nan,,nan,,2,rose\rose_02.png,0,0,1,,,1,,,110,0,110,11,localizer,rose,Rose
3,12,localizer,0,1,chair,8,8,7,chair\chair_07.png,chair,Stuhl,1,0,1.13,None,None,None,None,1.13,3,8,8,chair,nan,,nan,,7,chair\chair_07.png,0,0,1,,,1,,,111,0,111,12,localizer,chair,Stuhl
3,13,localizer,0,1,fish,2,2,9,fish\fish_09.png,fish,Fisch,1,0,0.81,None,None,None,None,0.81,3,2,2,fish,nan,,nan,,9,fish\fish_09.png,0,0,1,,,1,,,112,0,112,13,localizer,fish,Fisch
3,14,localizer,0,1,dress,3,3,10,dress\dress_10.png,dress,Kleid,1,0,0.86,None,None,None,None,0.86,3,3,3,dress,nan,,nan,,10,dress\dress_10.png,0,0,1,,,1,,,113,0,113,14,localizer,dress,Kleid
3,15,localizer,0,1,bag,1,1,10,bag\bag_10.png,bag,Tasche,1,0,1,None,None,None,None,1.0,3,1,1,bag,nan,,nan,,10,bag\bag_10.png,0,0,1,,,1,,,114,0,114,15,localizer,bag,Tasche
3,16,localizer,0,1,book,7,7,7,book\book_07.png,book,Buch,1,0,1.15,None,None,None,None,1.15,3,7,7,book,nan,,nan,,7,book\book_07.png,0,0,1,,,1,,,115,0,115,16,localizer,book,Buch
3,17,localizer,0,1,dress,3,3,1,dress\dress_01.png,dress,Kleid,1,0,0.98,None,None,None,None,0.98,3,3,3,dress,nan,,nan,,1,dress\dress_01.png,0,0,1,,,1,,,116,0,116,17,localizer,dress,Kleid
3,18,localizer,0,1,ball,6,6,6,ball\ball_06.png,ball,Ball,1,0,1.04,None,None,None,None,1.04,3,6,6,ball,nan,,nan,,6,ball\ball_06.png,0,0,1,,,1,,,117,0,117,18,localizer,ball,Ball
3,19,localizer,0,1,saw,10,10,9,saw\saw_09.png,saw,Säge,1,0,0.95,None,None,None,None,0.95,3,10,10,saw,nan,,nan,,9,saw\saw_09.png,0,0,1,,,1,,,118,0,118,19,localizer,saw,Säge
3,20,localizer,0,1,dress,3,1,3,dress\dress_03.png,bag,Tasche,1,1,0.96,r,right,None,None,0.96,3,3,1,dress,nan,,nan,r,3,dress\dress_03.png,0,1,1,,right,1,,,119,0,119,20,localizer,bag,Tasche
3,21,localizer,0,1,book,7,7,5,book\book_05.png,book,Buch,1,0,1.02,None,None,None,None,1.02,3,7,7,book,nan,,nan,,5,book\book_05.png,0,0,1,,,1,,,120,0,120,21,localizer,book,Buch
3,22,localizer,0,1,car,5,5,8,car\car_08.png,car,Auto,1,0,0.79,None,None,None,None,0.79,3,5,5,car,nan,,nan,,8,car\car_08.png,0,0,1,,,1,,,121,0,121,22,localizer,car,Auto
3,23,localizer,0,1,saw,10,6,8,saw\saw_08.png,ball,Ball,1,1,0.79,r,left,None,None,0.79,3,10,6,saw,nan,,nan,r,8,saw\saw_08.png,0,1,1,,left,1,,,122,0,122,23,localizer,ball,Ball
3,24,localizer,0,1,car,5,5,3,car\car_03.png,car,Auto,1,0,1.04,None,None,None,None,1.04,3,5,5,car,nan,,nan,,3,car\car_03.png,0,0,1,,,1,,,123,0,123,24,localizer,car,Auto
3,25,localizer,0,1,ball,6,6,7,ball\ball_07.png,ball,Ball,1,0,1.1,None,None,None,None,1.1,3,6,6,ball,nan,,nan,,7,ball\ball_07.png,0,0,1,,,1,,,124,0,124,25,localizer,ball,Ball
3,26,localizer,0,1,door,4,4,3,door\door_03.png,door,Tür,1,0,1.04,None,None,None,None,1.04,3,4,4,door,nan,,nan,,3,door\door_03.png,0,0,1,,,1,,,125,0,125,26,localizer,door,Tür
3,27,localizer,0,1,rose,9,9,1,rose\rose_01.png,rose,Rose,1,0,0.91,None,None,None,None,0.91,3,9,9,rose,nan,,nan,,1,rose\rose_01.png,0,0,1,,,1,,,126,0,126,27,localizer,rose,Rose
3,28,localizer,0,1,chair,8,8,8,chair\chair_08.png,chair,Stuhl,1,0,1.17,None,None,None,None,1.17,3,8,8,chair,nan,,nan,,8,chair\chair_08.png,0,0,1,,,1,,,127,0,127,28,localizer,chair,Stuhl
3,29,localizer,0,1,saw,10,10,10,saw\saw_10.png,saw,Säge,1,0,0.85,None,None,None,None,0.85,3,10,10,saw,nan,,nan,,10,saw\saw_10.png,0,0,1,,,1,,,128,0,128,29,localizer,saw,Säge
3,30,localizer,0,1,ball,6,6,10,ball\ball_10.png,ball,Ball,1,0,0.89,None,None,None,None,0.89,3,6,6,ball,nan,,nan,,10,ball\ball_10.png,0,0,1,,,1,,,129,0,129,30,localizer,ball,Ball
3,31,localizer,0,1,rose,9,9,7,rose\rose_07.png,rose,Rose,1,0,1.04,None,None,None,None,1.04,3,9,9,rose,nan,,nan,,7,rose\rose_07.png,0,0,1,,,1,,,130,0,130,31,localizer,rose,Rose
3,32,localizer,0,1,fish,2,2,3,fish\fish_03.png,fish,Fisch,1,0,0.77,None,None,None,None,0.77,3,2,2,fish,nan,,nan,,3,fish\fish_03.png,0,0,1,,,1,,,131,0,131,32,localizer,fish,Fisch
3,33,localizer,0,1,bag,1,9,7,bag\bag_07.png,rose,Rose,1,1,1.24,r,right,None,None,1.24,3,1,9,bag,nan,,nan,r,7,bag\bag_07.png,0,1,1,,right,1,,,132,0,132,33,localizer,rose,Rose
3,34,localizer,0,1,saw,10,10,5,saw\saw_05.png,saw,Säge,1,0,0.96,None,None,None,None,0.96,3,10,10,saw,nan,,nan,,5,saw\saw_05.png,0,0,1,,,1,,,133,0,133,34,localizer,saw,Säge
3,35,localizer,0,1,fish,2,2,10,fish\fish_10.png,fish,Fisch,1,0,0.78,None,None,None,None,0.78,3,2,2,fish,nan,,nan,,10,fish\fish_10.png,0,0,1,,,1,,,134,0,134,35,localizer,fish,Fisch
3,36,localizer,0,1,door,4,4,9,door\door_09.png,door,Tür,1,0,0.89,None,None,None,None,0.89,3,4,4,door,nan,,nan,,9,door\door_09.png,0,0,1,,,1,,,135,0,135,36,localizer,door,Tür
3,37,localizer,0,1,car,5,5,9,car\car_09.png,car,Auto,1,0,1.11,None,None,None,None,1.11,3,5,5,car,nan,,nan,,9,car\car_09.png,0,0,1,,,1,,,136,0,136,37,localizer,car,Auto
3,38,localizer,0,1,dress,3,3,4,dress\dress_04.png,dress,Kleid,1,0,1.02,None,None,None,None,1.02,3,3,3,dress,nan,,nan,,4,dress\dress_04.png,0,0,1,,,1,,,137,0,137,38,localizer,dress,Kleid
3,39,localizer,0,1,chair,8,8,4,chair\chair_04.png,chair,Stuhl,1,0,1,None,None,None,None,1.0,3,8,8,chair,nan,,nan,,4,chair\chair_04.png,0,0,1,,,1,,,138,0,138,39,localizer,chair,Stuhl
3,40,localizer,0,1,bag,1,1,2,bag\bag_02.png,bag,Tasche,1,0,0.96,None,None,None,None,0.96,3,1,1,bag,nan,,nan,,2,bag\bag_02.png,0,0,1,,,1,,,139,0,139,40,localizer,bag,Tasche
3,41,localizer,0,1,door,4,4,4,door\door_04.png,door,Tür,1,0,0.78,None,None,None,None,0.78,3,4,4,door,nan,,nan,,4,door\door_04.png,0,0,1,,,1,,,140,0,140,41,localizer,door,Tür
3,42,localizer,0,1,book,7,7,6,book\book_06.png,book,Buch,1,0,1.1,None,None,None,None,1.1,3,7,7,book,nan,,nan,,6,book\book_06.png,0,0,1,,,1,,,141,0,141,42,localizer,book,Buch
3,43,localizer,0,1,chair,8,8,10,chair\chair_10.png,chair,Stuhl,1,0,1.04,None,None,None,None,1.04,3,8,8,chair,nan,,nan,,10,chair\chair_10.png,0,0,1,,,1,,,142,0,142,43,localizer,chair,Stuhl
3,44,localizer,0,1,fish,2,7,6,fish\fish_06.png,book,Buch,1,1,0.93,r,left,None,None,0.93,3,2,7,fish,nan,,nan,r,6,fish\fish_06.png,0,1,1,,left,1,,,143,0,143,44,localizer,book,Buch
3,45,localizer,0,1,bag,1,1,1,bag\bag_01.png,bag,Tasche,1,0,0.85,None,None,None,None,0.85,3,1,1,bag,nan,,nan,,1,bag\bag_01.png,0,0,1,,,1,,,144,0,144,45,localizer,bag,Tasche
3,46,localizer,0,1,book,7,7,3,book\book_03.png,book,Buch,1,0,1.25,None,None,None,None,1.25,3,7,7,book,nan,,nan,,3,book\book_03.png,0,0,1,,,1,,,145,0,145,46,localizer,book,Buch
3,47,localizer,0,1,ball,6,6,2,ball\ball_02.png,ball,Ball,1,0,0.99,None,None,None,None,0.99,3,6,6,ball,nan,,nan,,2,ball\ball_02.png,0,0,1,,,1,,,146,0,146,47,localizer,ball,Ball
3,48,localizer,0,1,fish,2,2,2,fish\fish_02.png,fish,Fisch,1,0,1.01,None,None,None,None,1.01,3,2,2,fish,nan,,nan,,2,fish\fish_02.png,0,0,1,,,1,,,147,0,147,48,localizer,fish,Fisch
3,49,localizer,0,1,rose,9,9,10,rose\rose_10.png,rose,Rose,1,0,0.84,None,None,None,None,0.84,3,9,9,rose,nan,,nan,,10,rose\rose_10.png,0,0,1,,,1,,,148,0,148,49,localizer,rose,Rose
3,50,localizer,0,1,car,5,5,5,car\car_05.png,car,Auto,1,0,1.07,None,None,None,None,1.07,3,5,5,car,0.09535809996305034,r,2570.8906386000453,,5,car\car_05.png,0,0,1,,,1,,,149,0,149,50,localizer,car,Auto
4,1,localizer,0,1,saw,10,10,6,saw\saw_06.png,saw,Säge,1,0,0.86,None,None,None,None,0.86,4,10,10,saw,nan,,nan,,6,saw\saw_06.png,0,0,1,,,1,,,150,0,150,1,localizer,saw,Säge
4,2,localizer,0,1,car,5,5,1,car\car_01.png,car,Auto,1,0,1.08,None,None,None,None,1.08,4,5,5,car,nan,,nan,,1,car\car_01.png,0,0,1,,,1,,,151,0,151,2,localizer,car,Auto
4,3,localizer,0,1,door,4,4,1,door\door_01.png,door,Tür,1,0,1.22,None,None,None,None,1.22,4,4,4,door,nan,,nan,,1,door\door_01.png,0,0,1,,,1,,,152,0,152,3,localizer,door,Tür
4,4,localizer,0,1,rose,9,9,8,rose\rose_08.png,rose,Rose,1,0,0.79,None,None,None,None,0.79,4,9,9,rose,nan,,nan,,8,rose\rose_08.png,0,0,1,,,1,,,153,0,153,4,localizer,rose,Rose
4,5,localizer,0,1,bag,1,1,5,bag\bag_05.png,bag,Tasche,1,0,1.05,None,None,None,None,1.05,4,1,1,bag,nan,,nan,,5,bag\bag_05.png,0,0,1,,,1,,,154,0,154,5,localizer,bag,Tasche
4,6,localizer,0,1,book,7,7,1,book\book_01.png,book,Buch,1,0,1.01,None,None,None,None,1.01,4,7,7,book,nan,,nan,,1,book\book_01.png,0,0,1,,,1,,,155,0,155,6,localizer,book,Buch
4,7,localizer,0,1,dress,3,3,9,dress\dress_09.png,dress,Kleid,1,0,1.03,None,None,None,None,1.03,4,3,3,dress,nan,,nan,,9,dress\dress_09.png,0,0,1,,,1,,,156,0,156,7,localizer,dress,Kleid
4,8,localizer,0,1,bag,1,1,9,bag\bag_09.png,bag,Tasche,1,0,0.92,None,None,None,None,0.92,4,1,1,bag,nan,,nan,,9,bag\bag_09.png,0,0,1,,,1,,,157,0,157,8,localizer,bag,Tasche
4,9,localizer,0,1,door,4,3,5,door\door_05.png,dress,Kleid,1,1,0.75,r,right,None,None,0.75,4,4,3,door,nan,,nan,r,5,door\door_05.png,0,1,1,,right,1,,,158,0,158,9,localizer,dress,Kleid
4,10,localizer,0,1,car,5,5,4,car\car_04.png,car,Auto,1,0,0.92,None,None,None,None,0.92,4,5,5,car,nan,,nan,,4,car\car_04.png,0,0,1,,,1,,,159,0,159,10,localizer,car,Auto
4,11,localizer,0,1,dress,3,3,5,dress\dress_05.png,dress,Kleid,1,0,0.94,None,None,None,None,0.94,4,3,3,dress,nan,,nan,,5,dress\dress_05.png,0,0,1,,,1,,,160,0,160,11,localizer,dress,Kleid
4,12,localizer,0,1,saw,10,10,4,saw\saw_04.png,saw,Säge,1,0,0.92,None,None,None,None,0.92,4,10,10,saw,nan,,nan,,4,saw\saw_04.png,0,0,1,,,1,,,161,0,161,12,localizer,saw,Säge
4,13,localizer,0,1,ball,6,6,5,ball\ball_05.png,ball,Ball,1,0,0.81,None,None,None,None,0.81,4,6,6,ball,nan,,nan,,5,ball\ball_05.png,0,0,1,,,1,,,162,0,162,13,localizer,ball,Ball
4,14,localizer,0,1,door,4,4,8,door\door_08.png,door,Tür,1,0,0.87,None,None,None,None,0.87,4,4,4,door,nan,,nan,,8,door\door_08.png,0,0,1,,,1,,,163,0,163,14,localizer,door,Tür
4,15,localizer,0,1,saw,10,7,2,saw\saw_02.png,book,Buch,1,1,1.08,r,left,None,None,1.08,4,10,7,saw,nan,,nan,r,2,saw\saw_02.png,0,1,1,,left,1,,,164,0,164,15,localizer,book,Buch
4,16,localizer,0,1,ball,6,6,1,ball\ball_01.png,ball,Ball,1,0,0.96,None,None,None,None,0.96,4,6,6,ball,nan,,nan,,1,ball\ball_01.png,0,0,1,,,1,,,165,0,165,16,localizer,ball,Ball
4,17,localizer,0,1,door,4,4,6,door\door_06.png,door,Tür,1,0,1.08,None,None,None,None,1.08,4,4,4,door,nan,,nan,,6,door\door_06.png,0,0,1,,,1,,,166,0,166,17,localizer,door,Tür
4,18,localizer,0,1,chair,8,8,6,chair\chair_06.png,chair,Stuhl,1,0,0.93,None,None,None,None,0.93,4,8,8,chair,nan,,nan,,6,chair\chair_06.png,0,0,1,,,1,,,167,0,167,18,localizer,chair,Stuhl
4,19,localizer,0,1,fish,2,2,7,fish\fish_07.png,fish,Fisch,1,0,1.12,None,None,None,None,1.12,4,2,2,fish,nan,,nan,,7,fish\fish_07.png,0,0,1,,,1,,,168,0,168,19,localizer,fish,Fisch
4,20,localizer,0,1,chair,8,8,2,chair\chair_02.png,chair,Stuhl,1,0,0.91,None,None,None,None,0.91,4,8,8,chair,nan,,nan,,2,chair\chair_02.png,0,0,1,,,1,,,169,0,169,20,localizer,chair,Stuhl
4,21,localizer,0,1,door,4,4,10,door\door_10.png,door,Tür,1,0,0.77,None,None,None,None,0.77,4,4,4,door,nan,,nan,,10,door\door_10.png,0,0,1,,,1,,,170,0,170,21,localizer,door,Tür
4,22,localizer,0,1,rose,9,9,3,rose\rose_03.png,rose,Rose,1,0,1.05,None,None,None,None,1.05,4,9,9,rose,nan,,nan,,3,rose\rose_03.png,0,0,1,,,1,,,171,0,171,22,localizer,rose,Rose
4,23,localizer,0,1,fish,2,2,8,fish\fish_08.png,fish,Fisch,1,0,1.2,None,None,None,None,1.2,4,2,2,fish,nan,,nan,,8,fish\fish_08.png,0,0,1,,,1,,,172,0,172,23,localizer,fish,Fisch
4,24,localizer,0,1,car,5,5,6,car\car_06.png,car,Auto,1,0,1.02,None,None,None,None,1.02,4,5,5,car,nan,,nan,,6,car\car_06.png,0,0,1,,,1,,,173,0,173,24,localizer,car,Auto
4,25,localizer,0,1,chair,8,8,5,chair\chair_05.png,chair,Stuhl,1,0,1.07,None,None,None,None,1.07,4,8,8,chair,nan,,nan,,5,chair\chair_05.png,0,0,1,,,1,,,174,0,174,25,localizer,chair,Stuhl
4,26,localizer,0,1,dress,3,9,6,dress\dress_06.png,rose,Rose,1,1,1.17,r,left,None,None,1.17,4,3,9,dress,nan,,nan,r,6,dress\dress_06.png,0,1,1,,left,1,,,175,0,175,26,localizer,rose,Rose
4,27,localizer,0,1,book,7,7,2,book\book_02.png,book,Buch,1,0,1,None,None,None,None,1.0,4,7,7,book,nan,,nan,,2,book\book_02.png,0,0,1,,,1,,,176,0,176,27,localizer,book,Buch
4,28,localizer,0,1,rose,9,9,6,rose\rose_06.png,rose,Rose,1,0,0.8,None,None,None,None,0.8,4,9,9,rose,nan,,nan,,6,rose\rose_06.png,0,0,1,,,1,,,177,0,177,28,localizer,rose,Rose
4,29,localizer,0,1,ball,6,6,8,ball\ball_08.png,ball,Ball,1,0,1.14,None,None,None,None,1.14,4,6,6,ball,nan,,nan,,8,ball\ball_08.png,0,0,1,,,1,,,178,0,178,29,localizer,ball,Ball
4,30,localizer,0,1,car,5,5,7,car\car_07.png,car,Auto,1,0,0.99,None,None,None,None,0.99,4,5,5,car,nan,,nan,,7,car\car_07.png,0,0,1,,,1,,,179,0,179,30,localizer,car,Auto
4,31,localizer,0,1,dress,3,3,7,dress\dress_07.png,dress,Kleid,1,0,0.91,None,None,None,None,0.91,4,3,3,dress,nan,,nan,,7,dress\dress_07.png,0,0,1,,,1,,,180,0,180,31,localizer,dress,Kleid
4,32,localizer,0,1,book,7,7,10,book\book_10.png,book,Buch,1,0,1.24,None,None,None,None,1.24,4,7,7,book,nan,,nan,,10,book\book_10.png,0,0,1,,,1,,,181,0,181,32,localizer,book,Buch
4,33,localizer,0,1,ball,6,6,9,ball\ball_09.png,ball,Ball,1,0,0.78,None,None,None,None,0.78,4,6,6,ball,nan,,nan,,9,ball\ball_09.png,0,0,1,,,1,,,182,0,182,33,localizer,ball,Ball
4,34,localizer,0,1,rose,9,9,4,rose\rose_04.png,rose,Rose,1,0,0.83,None,None,None,None,0.83,4,9,9,rose,nan,,nan,,4,rose\rose_04.png,0,0,1,,,1,,,183,0,183,34,localizer,rose,Rose
4,35,localizer,0,1,chair,8,8,3,chair\chair_03.png,chair,Stuhl,1,0,0.75,None,None,None,None,0.75,4,8,8,chair,nan,,nan,,3,chair\chair_03.png,0,0,1,,,1,,,184,0,184,35,localizer,chair,Stuhl
4,36,localizer,0,1,bag,1,1,4,bag\bag_04.png,bag,Tasche,1,0,1.13,None,None,None,None,1.13,4,1,1,bag,nan,,nan,,4,bag\bag_04.png,0,0,1,,,1,,,185,0,185,36,localizer,bag,Tasche
4,37,localizer,0,1,saw,10,10,7,saw\saw_07.png,saw,Säge,1,0,1.02,None,None,None,None,1.02,4,10,10,saw,nan,,nan,,7,saw\saw_07.png,0,0,1,,,1,,,186,0,186,37,localizer,saw,Säge
4,38,localizer,0,1,car,5,5,2,car\car_02.png,car,Auto,1,0,0.97,None,None,None,None,0.97,4,5,5,car,nan,,nan,,2,car\car_02.png,0,0,1,,,1,,,187,0,187,38,localizer,car,Auto
4,39,localizer,0,1,bag,1,8,3,bag\bag_03.png,chair,Stuhl,1,1,1.1,r,right,None,None,1.1,4,1,8,bag,nan,,nan,r,3,bag\bag_03.png,0,1,1,,right,1,,,188,0,188,39,localizer,chair,Stuhl
4,40,localizer,0,1,book,7,7,4,book\book_04.png,book,Buch,1,0,0.92,None,None,None,None,0.92,4,7,7,book,nan,,nan,,4,book\book_04.png,0,0,1,,,1,,,189,0,189,40,localizer,book,Buch
4,41,localizer,0,1,dress,3,3,8,dress\dress_08.png,dress,Kleid,1,0,1.04,None,None,None,None,1.04,4,3,3,dress,nan,,nan,,8,dress\dress_08.png,0,0,1,,,1,,,190,0,190,41,localizer,dress,Kleid
4,42,localizer,0,1,fish,2,4,1,fish\fish_01.png,door,Tür,1,1,0.9,r,left,None,None,0.9,4,2,4,fish,nan,,nan,r,1,fish\fish_01.png,0,1,1,,left,1,,,191,0,191,42,localizer,door,Tür
4,43,localizer,0,1,chair,8,8,9,chair\chair_09.png,chair,Stuhl,1,0,1.16,None,None,None,None,1.16,4,8,8,chair,nan,,nan,,9,chair\chair_09.png,0,0,1,,,1,,,192,0,192,43,localizer,chair,Stuhl
4,44,localizer,0,1,rose,9,9,5,rose\rose_05.png,rose,Rose,1,0,0.76,None,None,None,None,0.76,4,9,9,rose,nan,,nan,,5,rose\rose_05.png,0,0,1,,,1,,,193,0,193,44,localizer,rose,Rose
4,45,localizer,0,1,saw,10,10,3,saw\saw_03.png,saw,Säge,1,0,1.09,None,None,None,None,1.09,4,10,10,saw,nan,,nan,,3,saw\saw_03.png,0,0,1,,,1,,,194,0,194,45,localizer,saw,Säge
4,46,localizer,0,1,book,7,7,9,book\book_09.png,book,Buch,1,0,0.92,None,None,None,None,0.92,4,7,7,book,nan,,nan,,9,book\book_09.png,0,0,1,,,1,,,195,0,195,46,localizer,book,Buch
4,47,localizer,0,1,fish,2,2,4,fish\fish_04.png,fish,Fisch,1,0,1,None,None,None,None,1.0,4,2,2,fish,nan,,nan,,4,fish\fish_04.png,0,0,1,,,1,,,196,0,196,47,localizer,fish,Fisch
4,48,localizer,0,1,ball,6,6,4,ball\ball_04.png,ball,Ball,1,0,0.88,None,None,None,None,0.88,4,6,6,ball,nan,,nan,,4,ball\ball_04.png,0,0,1,,,1,,,197,0,197,48,localizer,ball,Ball
4,49,localizer,0,1,fish,2,2,5,fish\fish_05.png,fish,Fisch,1,0,0.9,None,None,None,None,0.9,4,2,2,fish,nan,,nan,,5,fish\fish_05.png,0,0,1,,,1,,,198,0,198,49,localizer,fish,Fisch
4,50,localizer,0,1,bag,1,1,8,bag\bag_08.png,bag,Tasche,1,0,0.85,None,None,None,None,0.85,4,1,1,bag,0.10370970005169511,r,29.846391599974595,,8,bag\bag_08.png,0,0,1,,,1,,,199,0,199,50,localizer,bag,Tasche
5,1,localizer,0,1,rose,9,9,9,rose\rose_09.png,rose,Rose,1,0,0.95,None,None,None,None,0.95,5,9,9,rose,nan,,nan,,9,rose\rose_09.png,0,0,1,,,1,,,200,0,200,1,localizer,rose,Rose
5,2,localizer,0,1,fish,2,8,9,fish\fish_09.png,chair,Stuhl,1,1,1.01,r,right,None,None,1.01,5,2,8,fish,nan,,nan,r,9,fish\fish_09.png,0,1,1,,right,1,,,201,0,201,2,localizer,chair,Stuhl
5,3,localizer,0,1,rose,9,9,1,rose\rose_01.png,rose,Rose,1,0,0.81,None,None,None,None,0.81,5,9,9,rose,nan,,nan,,1,rose\rose_01.png,0,0,1,,,1,,,202,0,202,3,localizer,rose,Rose
5,4,localizer,0,1,fish,2,2,1,fish\fish_01.png,fish,Fisch,1,0,0.78,None,None,None,None,0.78,5,2,2,fish,nan,,nan,,1,fish\fish_01.png,0,0,1,,,1,,,203,0,203,4,localizer,fish,Fisch
5,5,localizer,0,1,bag,1,1,3,bag\bag_03.png,bag,Tasche,1,0,1.06,None,None,None,None,1.06,5,1,1,bag,nan,,nan,,3,bag\bag_03.png,0,0,1,,,1,,,204,0,204,5,localizer,bag,Tasche
5,6,localizer,0,1,door,4,4,7,door\door_07.png,door,Tür,1,0,0.88,None,None,None,None,0.88,5,4,4,door,nan,,nan,,7,door\door_07.png,0,0,1,,,1,,,205,0,205,6,localizer,door,Tür
5,7,localizer,0,1,chair,8,8,3,chair\chair_03.png,chair,Stuhl,1,0,1.19,None,None,None,None,1.19,5,8,8,chair,nan,,nan,,3,chair\chair_03.png,0,0,1,,,1,,,206,0,206,7,localizer,chair,Stuhl
5,8,localizer,0,1,door,4,4,6,door\door_06.png,door,Tür,1,0,0.96,None,None,None,None,0.96,5,4,4,door,nan,,nan,,6,door\door_06.png,0,0,1,,,1,,,207,0,207,8,localizer,door,Tür
5,9,localizer,0,1,car,5,5,8,car\car_08.png,car,Auto,1,0,0.76,None,None,None,None,0.76,5,5,5,car,nan,,nan,,8,car\car_08.png,0,0,1,,,1,,,208,0,208,9,localizer,car,Auto
5,10,localizer,0,1,ball,6,6,4,ball\ball_04.png,ball,Ball,1,0,0.8,None,None,None,None,0.8,5,6,6,ball,nan,,nan,,4,ball\ball_04.png,0,0,1,,,1,,,209,0,209,10,localizer,ball,Ball
5,11,localizer,0,1,dress,3,3,3,dress\dress_03.png,dress,Kleid,1,0,1.19,None,None,None,None,1.19,5,3,3,dress,nan,,nan,,3,dress\dress_03.png,0,0,1,,,1,,,210,0,210,11,localizer,dress,Kleid
5,12,localizer,0,1,book,7,7,6,book\book_06.png,book,Buch,1,0,0.88,None,None,None,None,0.88,5,7,7,book,nan,,nan,,6,book\book_06.png,0,0,1,,,1,,,211,0,211,12,localizer,book,Buch
5,13,localizer,0,1,dress,3,4,2,dress\dress_02.png,door,Tür,1,1,0.91,r,left,None,None,0.91,5,3,4,dress,nan,,nan,r,2,dress\dress_02.png,0,1,1,,left,1,,,212,0,212,13,localizer,door,Tür
5,14,localizer,0,1,saw,10,10,1,saw\saw_01.png,saw,Säge,1,0,0.88,None,None,None,None,0.88,5,10,10,saw,nan,,nan,,1,saw\saw_01.png,0,0,1,,,1,,,213,0,213,14,localizer,saw,Säge
5,15,localizer,0,1,ball,6,6,2,ball\ball_02.png,ball,Ball,1,0,0.98,None,None,None,None,0.98,5,6,6,ball,nan,,nan,,2,ball\ball_02.png,0,0,1,,,1,,,214,0,214,15,localizer,ball,Ball
5,16,localizer,0,1,fish,2,2,2,fish\fish_02.png,fish,Fisch,1,0,1.11,None,None,None,None,1.11,5,2,2,fish,nan,,nan,,2,fish\fish_02.png,0,0,1,,,1,,,215,0,215,16,localizer,fish,Fisch
5,17,localizer,0,1,chair,8,8,2,chair\chair_02.png,chair,Stuhl,1,0,1.18,None,None,None,None,1.18,5,8,8,chair,nan,,nan,,2,chair\chair_02.png,0,0,1,,,1,,,216,0,216,17,localizer,chair,Stuhl
5,18,localizer,0,1,saw,10,10,3,saw\saw_03.png,saw,Säge,1,0,0.93,None,None,None,None,0.93,5,10,10,saw,nan,,nan,,3,saw\saw_03.png,0,0,1,,,1,,,217,0,217,18,localizer,saw,Säge
5,19,localizer,0,1,car,5,5,3,car\car_03.png,car,Auto,1,0,0.8,None,None,None,None,0.8,5,5,5,car,nan,,nan,,3,car\car_03.png,0,0,1,,,1,,,218,0,218,19,localizer,car,Auto
5,20,localizer,0,1,book,7,7,9,book\book_09.png,book,Buch,1,0,0.91,None,None,None,None,0.91,5,7,7,book,nan,,nan,,9,book\book_09.png,0,0,1,,,1,,,219,0,219,20,localizer,book,Buch
5,21,localizer,0,1,dress,3,3,8,dress\dress_08.png,dress,Kleid,1,0,1.17,None,None,None,None,1.17,5,3,3,dress,nan,,nan,,8,dress\dress_08.png,0,0,1,,,1,,,220,0,220,21,localizer,dress,Kleid
5,22,localizer,0,1,book,7,7,5,book\book_05.png,book,Buch,1,0,1.17,None,None,None,None,1.17,5,7,7,book,nan,,nan,,5,book\book_05.png,0,0,1,,,1,,,221,0,221,22,localizer,book,Buch
5,23,localizer,0,1,saw,10,10,7,saw\saw_07.png,saw,Säge,1,0,0.79,None,None,None,None,0.79,5,10,10,saw,nan,,nan,,7,saw\saw_07.png,0,0,1,,,1,,,222,0,222,23,localizer,saw,Säge
5,24,localizer,0,1,door,4,5,8,door\door_08.png,car,Auto,1,1,1.24,r,left,None,None,1.24,5,4,5,door,nan,,nan,r,8,door\door_08.png,0,1,1,,left,1,,,223,0,223,24,localizer,car,Auto
5,25,localizer,0,1,saw,10,10,6,saw\saw_06.png,saw,Säge,1,0,0.89,None,None,None,None,0.89,5,10,10,saw,nan,,nan,,6,saw\saw_06.png,0,0,1,,,1,,,224,0,224,25,localizer,saw,Säge
5,26,localizer,0,1,dress,3,3,7,dress\dress_07.png,dress,Kleid,1,0,1.16,None,None,None,None,1.16,5,3,3,dress,nan,,nan,,7,dress\dress_07.png,0,0,1,,,1,,,225,0,225,26,localizer,dress,Kleid
5,27,localizer,0,1,chair,8,8,6,chair\chair_06.png,chair,Stuhl,1,0,1.13,None,None,None,None,1.13,5,8,8,chair,nan,,nan,,6,chair\chair_06.png,0,0,1,,,1,,,226,0,226,27,localizer,chair,Stuhl
5,28,localizer,0,1,bag,1,1,4,bag\bag_04.png,bag,Tasche,1,0,0.81,None,None,None,None,0.81,5,1,1,bag,nan,,nan,,4,bag\bag_04.png,0,0,1,,,1,,,227,0,227,28,localizer,bag,Tasche
5,29,localizer,0,1,dress,3,3,4,dress\dress_04.png,dress,Kleid,1,0,1,None,None,None,None,1.0,5,3,3,dress,nan,,nan,,4,dress\dress_04.png,0,0,1,,,1,,,228,0,228,29,localizer,dress,Kleid
5,30,localizer,0,1,car,5,5,5,car\car_05.png,car,Auto,1,0,0.81,None,None,None,None,0.81,5,5,5,car,nan,,nan,,5,car\car_05.png,0,0,1,,,1,,,229,0,229,30,localizer,car,Auto
5,31,localizer,0,1,door,4,4,3,door\door_03.png,door,Tür,1,0,0.88,None,None,None,None,0.88,5,4,4,door,nan,,nan,,3,door\door_03.png,0,0,1,,,1,,,230,0,230,31,localizer,door,Tür
5,32,localizer,0,1,book,7,7,7,book\book_07.png,book,Buch,1,0,1.08,None,None,None,None,1.08,5,7,7,book,nan,,nan,,7,book\book_07.png,0,0,1,,,1,,,231,0,231,32,localizer,book,Buch
5,33,localizer,0,1,chair,8,8,5,chair\chair_05.png,chair,Stuhl,1,0,0.98,None,None,None,None,0.98,5,8,8,chair,nan,,nan,,5,chair\chair_05.png,0,0,1,,,1,,,232,0,232,33,localizer,chair,Stuhl
5,34,localizer,0,1,bag,1,1,1,bag\bag_01.png,bag,Tasche,1,0,0.87,None,None,None,None,0.87,5,1,1,bag,nan,,nan,,1,bag\bag_01.png,0,0,1,,,1,,,233,0,233,34,localizer,bag,Tasche
5,35,localizer,0,1,ball,6,6,7,ball\ball_07.png,ball,Ball,1,0,0.79,None,None,None,None,0.79,5,6,6,ball,nan,,nan,,7,ball\ball_07.png,0,0,1,,,1,,,234,0,234,35,localizer,ball,Ball
5,36,localizer,0,1,car,5,5,9,car\car_09.png,car,Auto,1,0,1.06,None,None,None,None,1.06,5,5,5,car,nan,,nan,,9,car\car_09.png,0,0,1,,,1,,,235,0,235,36,localizer,car,Auto
5,37,localizer,0,1,rose,9,9,5,rose\rose_05.png,rose,Rose,1,0,1.11,None,None,None,None,1.11,5,9,9,rose,nan,,nan,,5,rose\rose_05.png,0,0,1,,,1,,,236,0,236,37,localizer,rose,Rose
5,38,localizer,0,1,ball,6,6,6,ball\ball_06.png,ball,Ball,1,0,1.09,None,None,None,None,1.09,5,6,6,ball,nan,,nan,,6,ball\ball_06.png,0,0,1,,,1,,,237,0,237,38,localizer,ball,Ball
5,39,localizer,0,1,bag,1,10,6,bag\bag_06.png,saw,Säge,1,1,1.19,r,right,None,None,1.19,5,1,10,bag,nan,,nan,r,6,bag\bag_06.png,0,1,1,,right,1,,,238,0,238,39,localizer,saw,Säge
5,40,localizer,0,1,rose,9,9,10,rose\rose_10.png,rose,Rose,1,0,1.21,None,None,None,None,1.21,5,9,9,rose,nan,,nan,,10,rose\rose_10.png,0,0,1,,,1,,,239,0,239,40,localizer,rose,Rose
5,41,localizer,0,1,bag,1,1,5,bag\bag_05.png,bag,Tasche,1,0,0.97,None,None,None,None,0.97,5,1,1,bag,nan,,nan,,5,bag\bag_05.png,0,0,1,,,1,,,240,0,240,41,localizer,bag,Tasche
5,42,localizer,0,1,saw,10,10,9,saw\saw_09.png,saw,Säge,1,0,0.87,None,None,None,None,0.87,5,10,10,saw,nan,,nan,,9,saw\saw_09.png,0,0,1,,,1,,,241,0,241,42,localizer,saw,Säge
5,43,localizer,0,1,ball,6,6,3,ball\ball_03.png,ball,Ball,1,0,1.08,None,None,None,None,1.08,5,6,6,ball,nan,,nan,,3,ball\ball_03.png,0,0,1,,,1,,,242,0,242,43,localizer,ball,Ball
5,44,localizer,0,1,door,4,4,10,door\door_10.png,door,Tür,1,0,1.07,None,None,None,None,1.07,5,4,4,door,nan,,nan,,10,door\door_10.png,0,0,1,,,1,,,243,0,243,44,localizer,door,Tür
5,45,localizer,0,1,fish,2,2,4,fish\fish_04.png,fish,Fisch,1,0,1.13,None,None,None,None,1.13,5,2,2,fish,nan,,nan,,4,fish\fish_04.png,0,0,1,,,1,,,244,0,244,45,localizer,fish,Fisch
5,46,localizer,0,1,chair,8,8,4,chair\chair_04.png,chair,Stuhl,1,0,0.9,None,None,None,None,0.9,5,8,8,chair,nan,,nan,,4,chair\chair_04.png,0,0,1,,,1,,,245,0,245,46,localizer,chair,Stuhl
5,47,localizer,0,1,rose,9,9,2,rose\rose_02.png,rose,Rose,1,0,0.86,None,None,None,None,0.86,5,9,9,rose,nan,,nan,,2,rose\rose_02.png,0,0,1,,,1,,,246,0,246,47,localizer,rose,Rose
5,48,localizer,0,1,car,5,6,1,car\car_01.png,ball,Ball,1,1,0.87,r,right,None,None,0.87,5,5,6,car,nan,,nan,r,1,car\car_01.png,0,1,1,,right,1,,,247,0,247,48,localizer,ball,Ball
5,49,localizer,0,1,fish,2,2,7,fish\fish_07.png,fish,Fisch,1,0,0.79,None,None,None,None,0.79,5,2,2,fish,nan,,nan,,7,fish\fish_07.png,0,0,1,,,1,,,248,0,248,49,localizer,fish,Fisch
5,50,localizer,0,1,book,7,7,8,book\book_08.png,book,Buch,1,0,1.23,None,None,None,None,1.23,5,7,7,book,0.15196250000735745,r,655.6785219999729,,8,book\book_08.png,0,0,1,,,1,,,249,0,249,50,localizer,book,Buch
6,1,localizer,0,1,rose,9,9,4,rose\rose_04.png,rose,Rose,1,0,0.85,None,None,None,None,0.85,6,9,9,rose,nan,,nan,,4,rose\rose_04.png,0,0,1,,,1,,,250,0,250,1,localizer,rose,Rose
6,2,localizer,0,1,door,4,4,5,door\door_05.png,door,Tür,1,0,0.95,None,None,None,None,0.95,6,4,4,door,nan,,nan,,5,door\door_05.png,0,0,1,,,1,,,251,0,251,2,localizer,door,Tür
6,3,localizer,0,1,saw,10,10,4,saw\saw_04.png,saw,Säge,1,0,0.87,None,None,None,None,0.87,6,10,10,saw,nan,,nan,,4,saw\saw_04.png,0,0,1,,,1,,,252,0,252,3,localizer,saw,Säge
6,4,localizer,0,1,dress,3,3,9,dress\dress_09.png,dress,Kleid,1,0,1.11,None,None,None,None,1.11,6,3,3,dress,nan,,nan,,9,dress\dress_09.png,0,0,1,,,1,,,253,0,253,4,localizer,dress,Kleid
6,5,localizer,0,1,chair,8,8,7,chair\chair_07.png,chair,Stuhl,1,0,0.78,None,None,None,None,0.78,6,8,8,chair,nan,,nan,,7,chair\chair_07.png,0,0,1,,,1,,,254,0,254,5,localizer,chair,Stuhl
6,6,localizer,0,1,bag,1,1,9,bag\bag_09.png,bag,Tasche,1,0,0.87,None,None,None,None,0.87,6,1,1,bag,nan,,nan,,9,bag\bag_09.png,0,0,1,,,1,,,255,0,255,6,localizer,bag,Tasche
6,7,localizer,0,1,book,7,7,2,book\book_02.png,book,Buch,1,0,1.25,None,None,None,None,1.25,6,7,7,book,nan,,nan,,2,book\book_02.png,0,0,1,,,1,,,256,0,256,7,localizer,book,Buch
6,8,localizer,0,1,saw,10,10,8,saw\saw_08.png,saw,Säge,1,0,1.09,None,None,None,None,1.09,6,10,10,saw,nan,,nan,,8,saw\saw_08.png,0,0,1,,,1,,,257,0,257,8,localizer,saw,Säge
6,9,localizer,0,1,rose,9,9,3,rose\rose_03.png,rose,Rose,1,0,1.2,None,None,None,None,1.2,6,9,9,rose,nan,,nan,,3,rose\rose_03.png,0,0,1,,,1,,,258,0,258,9,localizer,rose,Rose
6,10,localizer,0,1,ball,6,5,10,ball\ball_10.png,car,Auto,1,1,0.78,r,right,None,None,0.78,6,6,5,ball,nan,,nan,r,10,ball\ball_10.png,0,1,1,,right,1,,,259,0,259,10,localizer,car,Auto
6,11,localizer,0,1,saw,10,10,2,saw\saw_02.png,saw,Säge,1,0,0.85,None,None,None,None,0.85,6,10,10,saw,nan,,nan,,2,saw\saw_02.png,0,0,1,,,1,,,260,0,260,11,localizer,saw,Säge
6,12,localizer,0,1,fish,2,1,3,fish\fish_03.png,bag,Tasche,1,1,1.22,r,right,None,None,1.22,6,2,1,fish,nan,,nan,r,3,fish\fish_03.png,0,1,1,,right,1,,,261,0,261,12,localizer,bag,Tasche
6,13,localizer,0,1,dress,3,3,1,dress\dress_01.png,dress,Kleid,1,0,1.02,None,None,None,None,1.02,6,3,3,dress,nan,,nan,,1,dress\dress_01.png,0,0,1,,,1,,,262,0,262,13,localizer,dress,Kleid
6,14,localizer,0,1,saw,10,10,5,saw\saw_05.png,saw,Säge,1,0,0.77,None,None,None,None,0.77,6,10,10,saw,nan,,nan,,5,saw\saw_05.png,0,0,1,,,1,,,263,0,263,14,localizer,saw,Säge
6,15,localizer,0,1,chair,8,8,8,chair\chair_08.png,chair,Stuhl,1,0,1.04,None,None,None,None,1.04,6,8,8,chair,nan,,nan,,8,chair\chair_08.png,0,0,1,,,1,,,264,0,264,15,localizer,chair,Stuhl
6,16,localizer,0,1,rose,9,9,6,rose\rose_06.png,rose,Rose,1,0,1.06,None,None,None,None,1.06,6,9,9,rose,nan,,nan,,6,rose\rose_06.png,0,0,1,,,1,,,265,0,265,16,localizer,rose,Rose
6,17,localizer,0,1,fish,2,2,10,fish\fish_10.png,fish,Fisch,1,0,1.22,None,None,None,None,1.22,6,2,2,fish,nan,,nan,,10,fish\fish_10.png,0,0,1,,,1,,,266,0,266,17,localizer,fish,Fisch
6,18,localizer,0,1,bag,1,1,7,bag\bag_07.png,bag,Tasche,1,0,1.05,None,None,None,None,1.05,6,1,1,bag,nan,,nan,,7,bag\bag_07.png,0,0,1,,,1,,,267,0,267,18,localizer,bag,Tasche
6,19,localizer,0,1,book,7,7,10,book\book_10.png,book,Buch,1,0,0.82,None,None,None,None,0.82,6,7,7,book,nan,,nan,,10,book\book_10.png,0,0,1,,,1,,,268,0,268,19,localizer,book,Buch
6,20,localizer,0,1,door,4,4,9,door\door_09.png,door,Tür,1,0,0.84,None,None,None,None,0.84,6,4,4,door,nan,,nan,,9,door\door_09.png,0,0,1,,,1,,,269,0,269,20,localizer,door,Tür
6,21,localizer,0,1,ball,6,6,9,ball\ball_09.png,ball,Ball,1,0,1.18,None,None,None,None,1.18,6,6,6,ball,nan,,nan,,9,ball\ball_09.png,0,0,1,,,1,,,270,0,270,21,localizer,ball,Ball
6,22,localizer,0,1,car,5,5,10,car\car_10.png,car,Auto,1,0,1.16,None,None,None,None,1.16,6,5,5,car,nan,,nan,,10,car\car_10.png,0,0,1,,,1,,,271,0,271,22,localizer,car,Auto
6,23,localizer,0,1,rose,9,9,8,rose\rose_08.png,rose,Rose,1,0,0.92,None,None,None,None,0.92,6,9,9,rose,nan,,nan,,8,rose\rose_08.png,0,0,1,,,1,,,272,0,272,23,localizer,rose,Rose
6,24,localizer,0,1,book,7,7,3,book\book_03.png,book,Buch,1,0,0.78,None,None,None,None,0.78,6,7,7,book,nan,,nan,,3,book\book_03.png,0,0,1,,,1,,,273,0,273,24,localizer,book,Buch
6,25,localizer,0,1,car,5,5,2,car\car_02.png,car,Auto,1,0,1.05,None,None,None,None,1.05,6,5,5,car,nan,,nan,,2,car\car_02.png,0,0,1,,,1,,,274,0,274,25,localizer,car,Auto
6,26,localizer,0,1,bag,1,1,8,bag\bag_08.png,bag,Tasche,1,0,1.19,None,None,None,None,1.19,6,1,1,bag,nan,,nan,,8,bag\bag_08.png,0,0,1,,,1,,,275,0,275,26,localizer,bag,Tasche
6,27,localizer,0,1,fish,2,2,8,fish\fish_08.png,fish,Fisch,1,0,1.16,None,None,None,None,1.16,6,2,2,fish,nan,,nan,,8,fish\fish_08.png,0,0,1,,,1,,,276,0,276,27,localizer,fish,Fisch
6,28,localizer,0,1,dress,3,10,10,dress\dress_10.png,saw,Säge,1,1,0.83,r,right,None,None,0.83,6,3,10,dress,nan,,nan,r,10,dress\dress_10.png,0,1,1,,right,1,,,277,0,277,28,localizer,saw,Säge
6,29,localizer,0,1,door,4,4,1,door\door_01.png,door,Tür,1,0,1.24,None,None,None,None,1.24,6,4,4,door,nan,,nan,,1,door\door_01.png,0,0,1,,,1,,,278,0,278,29,localizer,door,Tür
6,30,localizer,0,1,saw,10,10,10,saw\saw_10.png,saw,Säge,1,0,1.23,None,None,None,None,1.23,6,10,10,saw,nan,,nan,,10,saw\saw_10.png,0,0,1,,,1,,,279,0,279,30,localizer,saw,Säge
6,31,localizer,0,1,book,7,7,1,book\book_01.png,book,Buch,1,0,0.75,None,None,None,None,0.75,6,7,7,book,nan,,nan,,1,book\book_01.png,0,0,1,,,1,,,280,0,280,31,localizer,book,Buch
6,32,localizer,0,1,ball,6,6,1,ball\ball_01.png,ball,Ball,1,0,0.86,None,None,None,None,0.86,6,6,6,ball,nan,,nan,,1,ball\ball_01.png,0,0,1,,,1,,,281,0,281,32,localizer,ball,Ball
6,33,localizer,0,1,rose,9,9,7,rose\rose_07.png,rose,Rose,1,0,1.12,None,None,None,None,1.12,6,9,9,rose,nan,,nan,,7,rose\rose_07.png,0,0,1,,,1,,,282,0,282,33,localizer,rose,Rose
6,34,localizer,0,1,car,5,8,4,car\car_04.png,chair,Stuhl,1,1,0.79,r,right,None,None,0.79,6,5,8,car,nan,,nan,r,4,car\car_04.png,0,1,1,,right,1,,,283,0,283,34,localizer,chair,Stuhl
6,35,localizer,0,1,fish,2,2,5,fish\fish_05.png,fish,Fisch,1,0,1.19,None,None,None,None,1.19,6,2,2,fish,nan,,nan,,5,fish\fish_05.png,0,0,1,,,1,,,284,0,284,35,localizer,fish,Fisch
6,36,localizer,0,1,car,5,5,7,car\car_07.png,car,Auto,1,0,1.06,None,None,None,None,1.06,6,5,5,car,nan,,nan,,7,car\car_07.png,0,0,1,,,1,,,285,0,285,36,localizer,car,Auto
6,37,localizer,0,1,fish,2,2,6,fish\fish_06.png,fish,Fisch,1,0,1.12,None,None,None,None,1.12,6,2,2,fish,nan,,nan,,6,fish\fish_06.png,0,0,1,,,1,,,286,0,286,37,localizer,fish,Fisch
6,38,localizer,0,1,door,4,4,2,door\door_02.png,door,Tür,1,0,1.18,None,None,None,None,1.18,6,4,4,door,nan,,nan,,2,door\door_02.png,0,0,1,,,1,,,287,0,287,38,localizer,door,Tür
6,39,localizer,0,1,dress,3,3,5,dress\dress_05.png,dress,Kleid,1,0,0.94,None,None,None,None,0.94,6,3,3,dress,nan,,nan,,5,dress\dress_05.png,0,0,1,,,1,,,288,0,288,39,localizer,dress,Kleid
6,40,localizer,0,1,ball,6,6,8,ball\ball_08.png,ball,Ball,1,0,0.92,None,None,None,None,0.92,6,6,6,ball,nan,,nan,,8,ball\ball_08.png,0,0,1,,,1,,,289,0,289,40,localizer,ball,Ball
6,41,localizer,0,1,chair,8,8,10,chair\chair_10.png,chair,Stuhl,1,0,0.92,None,None,None,None,0.92,6,8,8,chair,nan,,nan,,10,chair\chair_10.png,0,0,1,,,1,,,290,0,290,41,localizer,chair,Stuhl
6,42,localizer,0,1,bag,1,1,10,bag\bag_10.png,bag,Tasche,1,0,0.85,None,None,None,None,0.85,6,1,1,bag,nan,,nan,,10,bag\bag_10.png,0,0,1,,,1,,,291,0,291,42,localizer,bag,Tasche
6,43,localizer,0,1,dress,3,3,6,dress\dress_06.png,dress,Kleid,1,0,0.85,None,None,None,None,0.85,6,3,3,dress,nan,,nan,,6,dress\dress_06.png,0,0,1,,,1,,,292,0,292,43,localizer,dress,Kleid
6,44,localizer,0,1,ball,6,6,5,ball\ball_05.png,ball,Ball,1,0,0.99,None,None,None,None,0.99,6,6,6,ball,nan,,nan,,5,ball\ball_05.png,0,0,1,,,1,,,293,0,293,44,localizer,ball,Ball
6,45,localizer,0,1,bag,1,1,2,bag\bag_02.png,bag,Tasche,1,0,0.85,None,None,None,None,0.85,6,1,1,bag,nan,,nan,,2,bag\bag_02.png,0,0,1,,,1,,,294,0,294,45,localizer,bag,Tasche
6,46,localizer,0,1,chair,8,8,1,chair\chair_01.png,chair,Stuhl,1,0,0.86,None,None,None,None,0.86,6,8,8,chair,nan,,nan,,1,chair\chair_01.png,0,0,1,,,1,,,295,0,295,46,localizer,chair,Stuhl
6,47,localizer,0,1,book,7,7,4,book\book_04.png,book,Buch,1,0,0.8,None,None,None,None,0.8,6,7,7,book,nan,,nan,,4,book\book_04.png,0,0,1,,,1,,,296,0,296,47,localizer,book,Buch
6,48,localizer,0,1,car,5,5,6,car\car_06.png,car,Auto,1,0,0.8,None,None,None,None,0.8,6,5,5,car,nan,,nan,,6,car\car_06.png,0,0,1,,,1,,,297,0,297,48,localizer,car,Auto
6,49,localizer,0,1,door,4,7,4,door\door_04.png,book,Buch,1,1,0.98,r,left,None,None,0.98,6,4,7,door,nan,,nan,r,4,door\door_04.png,0,1,1,,left,1,,,298,0,298,49,localizer,book,Buch
6,50,localizer,0,1,chair,8,8,9,chair\chair_09.png,chair,Stuhl,1,0,0.75,None,None,None,None,0.75,6,8,8,chair,0.11556870001368225,r,4.480987999995705,,9,chair\chair_09.png,0,0,1,,,1,,,299,0,299,50,localizer,chair,Stuhl
7,1,localizer,0,1,ball,6,6,2,ball\ball_02.png,ball,Ball,1,0,1.15,None,None,None,None,1.15,7,6,6,ball,nan,,nan,,2,ball\ball_02.png,0,0,1,,,1,,,300,0,300,1,localizer,ball,Ball
7,2,localizer,0,1,saw,10,10,6,saw\saw_06.png,saw,Säge,1,0,0.83,None,None,None,None,0.83,7,10,10,saw,nan,,nan,,6,saw\saw_06.png,0,0,1,,,1,,,301,0,301,2,localizer,saw,Säge
7,3,localizer,0,1,dress,3,3,5,dress\dress_05.png,dress,Kleid,1,0,0.79,None,None,None,None,0.79,7,3,3,dress,nan,,nan,,5,dress\dress_05.png,0,0,1,,,1,,,302,0,302,3,localizer,dress,Kleid
7,4,localizer,0,1,car,5,5,1,car\car_01.png,car,Auto,1,0,0.97,None,None,None,None,0.97,7,5,5,car,nan,,nan,,1,car\car_01.png,0,0,1,,,1,,,303,0,303,4,localizer,car,Auto
7,5,localizer,0,1,bag,1,1,6,bag\bag_06.png,bag,Tasche,1,0,0.76,None,None,None,None,0.76,7,1,1,bag,nan,,nan,,6,bag\bag_06.png,0,0,1,,,1,,,304,0,304,5,localizer,bag,Tasche
7,6,localizer,0,1,dress,3,6,8,dress\dress_08.png,ball,Ball,1,1,0.85,r,right,None,None,0.85,7,3,6,dress,nan,,nan,r,8,dress\dress_08.png,0,1,1,,right,1,,,305,0,305,6,localizer,ball,Ball
7,7,localizer,0,1,door,4,4,8,door\door_08.png,door,Tür,1,0,1.1,None,None,None,None,1.1,7,4,4,door,nan,,nan,,8,door\door_08.png,0,0,1,,,1,,,306,0,306,7,localizer,door,Tür
7,8,localizer,0,1,car,5,5,8,car\car_08.png,car,Auto,1,0,1.09,None,None,None,None,1.09,7,5,5,car,nan,,nan,,8,car\car_08.png,0,0,1,,,1,,,307,0,307,8,localizer,car,Auto
7,9,localizer,0,1,chair,8,8,2,chair\chair_02.png,chair,Stuhl,1,0,0.98,None,None,None,None,0.98,7,8,8,chair,nan,,nan,,2,chair\chair_02.png,0,0,1,,,1,,,308,0,308,9,localizer,chair,Stuhl
7,10,localizer,0,1,door,4,4,7,door\door_07.png,door,Tür,1,0,1.03,None,None,None,None,1.03,7,4,4,door,nan,,nan,,7,door\door_07.png,0,0,1,,,1,,,309,0,309,10,localizer,door,Tür
7,11,localizer,0,1,ball,6,6,10,ball\ball_10.png,ball,Ball,1,0,0.82,None,None,None,None,0.82,7,6,6,ball,nan,,nan,,10,ball\ball_10.png,0,0,1,,,1,,,310,0,310,11,localizer,ball,Ball
7,12,localizer,0,1,rose,9,9,5,rose\rose_05.png,rose,Rose,1,0,0.95,None,None,None,None,0.95,7,9,9,rose,nan,,nan,,5,rose\rose_05.png,0,0,1,,,1,,,311,0,311,12,localizer,rose,Rose
7,13,localizer,0,1,fish,2,2,8,fish\fish_08.png,fish,Fisch,1,0,0.91,None,None,None,None,0.91,7,2,2,fish,nan,,nan,,8,fish\fish_08.png,0,0,1,,,1,,,312,0,312,13,localizer,fish,Fisch
7,14,localizer,0,1,door,4,8,10,door\door_10.png,chair,Stuhl,1,1,1.17,r,left,None,None,1.17,7,4,8,door,nan,,nan,r,10,door\door_10.png,0,1,1,,left,1,,,313,0,313,14,localizer,chair,Stuhl
7,15,localizer,0,1,book,7,7,1,book\book_01.png,book,Buch,1,0,1.21,None,None,None,None,1.21,7,7,7,book,nan,,nan,,1,book\book_01.png,0,0,1,,,1,,,314,0,314,15,localizer,book,Buch
7,16,localizer,0,1,bag,1,1,5,bag\bag_05.png,bag,Tasche,1,0,1.09,None,None,None,None,1.09,7,1,1,bag,nan,,nan,,5,bag\bag_05.png,0,0,1,,,1,,,315,0,315,16,localizer,bag,Tasche
7,17,localizer,0,1,saw,10,10,1,saw\saw_01.png,saw,Säge,1,0,1.2,None,None,None,None,1.2,7,10,10,saw,nan,,nan,,1,saw\saw_01.png,0,0,1,,,1,,,316,0,316,17,localizer,saw,Säge
7,18,localizer,0,1,book,7,7,5,book\book_05.png,book,Buch,1,0,1.16,None,None,None,None,1.16,7,7,7,book,nan,,nan,,5,book\book_05.png,0,0,1,,,1,,,317,0,317,18,localizer,book,Buch
7,19,localizer,0,1,chair,8,8,10,chair\chair_10.png,chair,Stuhl,1,0,0.92,None,None,None,None,0.92,7,8,8,chair,nan,,nan,,10,chair\chair_10.png,0,0,1,,,1,,,318,0,318,19,localizer,chair,Stuhl
7,20,localizer,0,1,saw,10,10,10,saw\saw_10.png,saw,Säge,1,0,0.82,None,None,None,None,0.82,7,10,10,saw,nan,,nan,,10,saw\saw_10.png,0,0,1,,,1,,,319,0,319,20,localizer,saw,Säge
7,21,localizer,0,1,book,7,6,6,book\book_06.png,ball,Ball,1,1,1.01,r,right,None,None,1.01,7,7,6,book,nan,,nan,r,6,book\book_06.png,0,1,1,,right,1,,,320,0,320,21,localizer,ball,Ball
7,22,localizer,0,1,door,4,4,1,door\door_01.png,door,Tür,1,0,1.17,None,None,None,None,1.17,7,4,4,door,nan,,nan,,1,door\door_01.png,0,0,1,,,1,,,321,0,321,22,localizer,door,Tür
7,23,localizer,0,1,saw,10,10,5,saw\saw_05.png,saw,Säge,1,0,0.94,None,None,None,None,0.94,7,10,10,saw,nan,,nan,,5,saw\saw_05.png,0,0,1,,,1,,,322,0,322,23,localizer,saw,Säge
7,24,localizer,0,1,dress,3,3,2,dress\dress_02.png,dress,Kleid,1,0,0.83,None,None,None,None,0.83,7,3,3,dress,nan,,nan,,2,dress\dress_02.png,0,0,1,,,1,,,323,0,323,24,localizer,dress,Kleid
7,25,localizer,0,1,chair,8,8,5,chair\chair_05.png,chair,Stuhl,1,0,0.88,None,None,None,None,0.88,7,8,8,chair,nan,,nan,,5,chair\chair_05.png,0,0,1,,,1,,,324,0,324,25,localizer,chair,Stuhl
7,26,localizer,0,1,car,5,5,4,car\car_04.png,car,Auto,1,0,0.94,None,None,None,None,0.94,7,5,5,car,nan,,nan,,4,car\car_04.png,0,0,1,,,1,,,325,0,325,26,localizer,car,Auto
7,27,localizer,0,1,book,7,7,10,book\book_10.png,book,Buch,1,0,0.79,None,None,None,None,0.79,7,7,7,book,nan,,nan,,10,book\book_10.png,0,0,1,,,1,,,326,0,326,27,localizer,book,Buch
7,28,localizer,0,1,ball,6,6,1,ball\ball_01.png,ball,Ball,1,0,0.76,None,None,None,None,0.76,7,6,6,ball,nan,,nan,,1,ball\ball_01.png,0,0,1,,,1,,,327,0,327,28,localizer,ball,Ball
7,29,localizer,0,1,fish,2,2,10,fish\fish_10.png,fish,Fisch,1,0,0.98,None,None,None,None,0.98,7,2,2,fish,nan,,nan,,10,fish\fish_10.png,0,0,1,,,1,,,328,0,328,29,localizer,fish,Fisch
7,30,localizer,0,1,ball,6,6,8,ball\ball_08.png,ball,Ball,1,0,0.77,None,None,None,None,0.77,7,6,6,ball,nan,,nan,,8,ball\ball_08.png,0,0,1,,,1,,,329,0,329,30,localizer,ball,Ball
7,31,localizer,0,1,saw,10,10,9,saw\saw_09.png,saw,Säge,1,0,0.81,None,None,None,None,0.81,7,10,10,saw,nan,,nan,,9,saw\saw_09.png,0,0,1,,,1,,,330,0,330,31,localizer,saw,Säge
7,32,localizer,0,1,fish,2,2,1,fish\fish_01.png,fish,Fisch,1,0,1.25,None,None,None,None,1.25,7,2,2,fish,nan,,nan,,1,fish\fish_01.png,0,0,1,,,1,,,331,0,331,32,localizer,fish,Fisch
7,33,localizer,0,1,rose,9,9,6,rose\rose_06.png,rose,Rose,1,0,0.88,None,None,None,None,0.88,7,9,9,rose,nan,,nan,,6,rose\rose_06.png,0,0,1,,,1,,,332,0,332,33,localizer,rose,Rose
7,34,localizer,0,1,car,5,5,10,car\car_10.png,car,Auto,1,0,0.87,None,None,None,None,0.87,7,5,5,car,nan,,nan,,10,car\car_10.png,0,0,1,,,1,,,333,0,333,34,localizer,car,Auto
7,35,localizer,0,1,rose,9,9,2,rose\rose_02.png,rose,Rose,1,0,0.93,None,None,None,None,0.93,7,9,9,rose,nan,,nan,,2,rose\rose_02.png,0,0,1,,,1,,,334,0,334,35,localizer,rose,Rose
7,36,localizer,0,1,dress,3,3,1,dress\dress_01.png,dress,Kleid,1,0,0.96,None,None,None,None,0.96,7,3,3,dress,nan,,nan,,1,dress\dress_01.png,0,0,1,,,1,,,335,0,335,36,localizer,dress,Kleid
7,37,localizer,0,1,fish,2,2,6,fish\fish_06.png,fish,Fisch,1,0,1.13,None,None,None,None,1.13,7,2,2,fish,nan,,nan,,6,fish\fish_06.png,0,0,1,,,1,,,336,0,336,37,localizer,fish,Fisch
7,38,localizer,0,1,ball,6,10,7,ball\ball_07.png,saw,Säge,1,1,0.92,r,right,None,None,0.92,7,6,10,ball,nan,,nan,r,7,ball\ball_07.png,0,1,1,,right,1,,,337,0,337,38,localizer,saw,Säge
7,39,localizer,0,1,bag,1,1,4,bag\bag_04.png,bag,Tasche,1,0,0.95,None,None,None,None,0.95,7,1,1,bag,nan,,nan,,4,bag\bag_04.png,0,0,1,,,1,,,338,0,338,39,localizer,bag,Tasche
7,40,localizer,0,1,dress,3,3,6,dress\dress_06.png,dress,Kleid,1,0,0.95,None,None,None,None,0.95,7,3,3,dress,nan,,nan,,6,dress\dress_06.png,0,0,1,,,1,,,339,0,339,40,localizer,dress,Kleid
7,41,localizer,0,1,fish,2,2,4,fish\fish_04.png,fish,Fisch,1,0,1.18,None,None,None,None,1.18,7,2,2,fish,nan,,nan,,4,fish\fish_04.png,0,0,1,,,1,,,340,0,340,41,localizer,fish,Fisch
7,42,localizer,0,1,rose,9,9,10,rose\rose_10.png,rose,Rose,1,0,1.03,None,None,None,None,1.03,7,9,9,rose,nan,,nan,,10,rose\rose_10.png,0,0,1,,,1,,,341,0,341,42,localizer,rose,Rose
7,43,localizer,0,1,bag,1,1,7,bag\bag_07.png,bag,Tasche,1,0,1.06,None,None,None,None,1.06,7,1,1,bag,nan,,nan,,7,bag\bag_07.png,0,0,1,,,1,,,342,0,342,43,localizer,bag,Tasche
7,44,localizer,0,1,rose,9,9,9,rose\rose_09.png,rose,Rose,1,0,0.98,None,None,None,None,0.98,7,9,9,rose,nan,,nan,,9,rose\rose_09.png,0,0,1,,,1,,,343,0,343,44,localizer,rose,Rose
7,45,localizer,0,1,car,5,2,5,car\car_05.png,fish,Fisch,1,1,0.81,r,right,None,None,0.81,7,5,2,car,nan,,nan,r,5,car\car_05.png,0,1,1,,right,1,,,344,0,344,45,localizer,fish,Fisch
7,46,localizer,0,1,door,4,4,5,door\door_05.png,door,Tür,1,0,1,None,None,None,None,1.0,7,4,4,door,nan,,nan,,5,door\door_05.png,0,0,1,,,1,,,345,0,345,46,localizer,door,Tür
7,47,localizer,0,1,chair,8,8,8,chair\chair_08.png,chair,Stuhl,1,0,0.89,None,None,None,None,0.89,7,8,8,chair,nan,,nan,,8,chair\chair_08.png,0,0,1,,,1,,,346,0,346,47,localizer,chair,Stuhl
7,48,localizer,0,1,book,7,7,4,book\book_04.png,book,Buch,1,0,0.95,None,None,None,None,0.95,7,7,7,book,nan,,nan,,4,book\book_04.png,0,0,1,,,1,,,347,0,347,48,localizer,book,Buch
7,49,localizer,0,1,bag,1,1,2,bag\bag_02.png,bag,Tasche,1,0,1.14,None,None,None,None,1.14,7,1,1,bag,nan,,nan,,2,bag\bag_02.png,0,0,1,,,1,,,348,0,348,49,localizer,bag,Tasche
7,50,localizer,0,1,chair,8,8,4,chair\chair_04.png,chair,Stuhl,1,0,0.79,None,None,None,None,0.79,7,8,8,chair,0.19808300002478063,r,695.8895900999778,,4,chair\chair_04.png,0,0,1,,,1,,,349,0,349,50,localizer,chair,Stuhl
8,1,localizer,0,1,book,7,7,8,book\book_08.png,book,Buch,1,0,0.77,None,None,None,None,0.77,8,7,7,book,nan,,nan,,8,book\book_08.png,0,0,1,,,1,,,350,0,350,1,localizer,book,Buch
8,2,localizer,0,1,car,5,5,2,car\car_02.png,car,Auto,1,0,0.92,None,None,None,None,0.92,8,5,5,car,nan,,nan,,2,car\car_02.png,0,0,1,,,1,,,351,0,351,2,localizer,car,Auto
8,3,localizer,0,1,fish,2,2,9,fish\fish_09.png,fish,Fisch,1,0,1,None,None,None,None,1.0,8,2,2,fish,nan,,nan,,9,fish\fish_09.png,0,0,1,,,1,,,352,0,352,3,localizer,fish,Fisch
8,4,localizer,0,1,bag,1,1,3,bag\bag_03.png,bag,Tasche,1,0,1.19,None,None,None,None,1.19,8,1,1,bag,nan,,nan,,3,bag\bag_03.png,0,0,1,,,1,,,353,0,353,4,localizer,bag,Tasche
8,5,localizer,0,1,dress,3,3,10,dress\dress_10.png,dress,Kleid,1,0,1.1,None,None,None,None,1.1,8,3,3,dress,nan,,nan,,10,dress\dress_10.png,0,0,1,,,1,,,354,0,354,5,localizer,dress,Kleid
8,6,localizer,0,1,saw,10,10,7,saw\saw_07.png,saw,Säge,1,0,1.15,None,None,None,None,1.15,8,10,10,saw,nan,,nan,,7,saw\saw_07.png,0,0,1,,,1,,,355,0,355,6,localizer,saw,Säge
8,7,localizer,0,1,chair,8,8,6,chair\chair_06.png,chair,Stuhl,1,0,1.1,None,None,None,None,1.1,8,8,8,chair,nan,,nan,,6,chair\chair_06.png,0,0,1,,,1,,,356,0,356,7,localizer,chair,Stuhl
8,8,localizer,0,1,ball,6,3,4,ball\ball_04.png,dress,Kleid,1,1,0.8,r,right,None,None,0.8,8,6,3,ball,nan,,nan,r,4,ball\ball_04.png,0,1,1,,right,1,,,357,0,357,8,localizer,dress,Kleid
8,9,localizer,0,1,chair,8,8,1,chair\chair_01.png,chair,Stuhl,1,0,0.78,None,None,None,None,0.78,8,8,8,chair,nan,,nan,,1,chair\chair_01.png,0,0,1,,,1,,,358,0,358,9,localizer,chair,Stuhl
8,10,localizer,0,1,saw,10,10,2,saw\saw_02.png,saw,Säge,1,0,1.15,None,None,None,None,1.15,8,10,10,saw,nan,,nan,,2,saw\saw_02.png,0,0,1,,,1,,,359,0,359,10,localizer,saw,Säge
8,11,localizer,0,1,door,4,9,9,door\door_09.png,rose,Rose,1,1,0.84,r,right,None,None,0.84,8,4,9,door,nan,,nan,r,9,door\door_09.png,0,1,1,,right,1,,,360,0,360,11,localizer,rose,Rose
8,12,localizer,0,1,fish,2,2,3,fish\fish_03.png,fish,Fisch,1,0,0.82,None,None,None,None,0.82,8,2,2,fish,nan,,nan,,3,fish\fish_03.png,0,0,1,,,1,,,361,0,361,12,localizer,fish,Fisch
8,13,localizer,0,1,book,7,7,7,book\book_07.png,book,Buch,1,0,0.91,None,None,None,None,0.91,8,7,7,book,nan,,nan,,7,book\book_07.png,0,0,1,,,1,,,362,0,362,13,localizer,book,Buch
8,14,localizer,0,1,fish,2,2,2,fish\fish_02.png,fish,Fisch,1,0,0.97,None,None,None,None,0.97,8,2,2,fish,nan,,nan,,2,fish\fish_02.png,0,0,1,,,1,,,363,0,363,14,localizer,fish,Fisch
8,15,localizer,0,1,rose,9,9,4,rose\rose_04.png,rose,Rose,1,0,0.81,None,None,None,None,0.81,8,9,9,rose,nan,,nan,,4,rose\rose_04.png,0,0,1,,,1,,,364,0,364,15,localizer,rose,Rose
8,16,localizer,0,1,book,7,7,3,book\book_03.png,book,Buch,1,0,1.22,None,None,None,None,1.22,8,7,7,book,nan,,nan,,3,book\book_03.png,0,0,1,,,1,,,365,0,365,16,localizer,book,Buch
8,17,localizer,0,1,bag,1,1,1,bag\bag_01.png,bag,Tasche,1,0,1.14,None,None,None,None,1.14,8,1,1,bag,nan,,nan,,1,bag\bag_01.png,0,0,1,,,1,,,366,0,366,17,localizer,bag,Tasche
8,18,localizer,0,1,rose,9,9,1,rose\rose_01.png,rose,Rose,1,0,1.12,None,None,None,None,1.12,8,9,9,rose,nan,,nan,,1,rose\rose_01.png,0,0,1,,,1,,,367,0,367,18,localizer,rose,Rose
8,19,localizer,0,1,dress,3,3,4,dress\dress_04.png,dress,Kleid,1,0,0.89,None,None,None,None,0.89,8,3,3,dress,nan,,nan,,4,dress\dress_04.png,0,0,1,,,1,,,368,0,368,19,localizer,dress,Kleid
8,20,localizer,0,1,car,5,5,9,car\car_09.png,car,Auto,1,0,0.97,None,None,None,None,0.97,8,5,5,car,nan,,nan,,9,car\car_09.png,0,0,1,,,1,,,369,0,369,20,localizer,car,Auto
8,21,localizer,0,1,saw,10,10,3,saw\saw_03.png,saw,Säge,1,0,0.98,None,None,None,None,0.98,8,10,10,saw,nan,,nan,,3,saw\saw_03.png,0,0,1,,,1,,,370,0,370,21,localizer,saw,Säge
8,22,localizer,0,1,fish,2,2,7,fish\fish_07.png,fish,Fisch,1,0,0.86,None,None,None,None,0.86,8,2,2,fish,nan,,nan,,7,fish\fish_07.png,0,0,1,,,1,,,371,0,371,22,localizer,fish,Fisch
8,23,localizer,0,1,ball,6,6,5,ball\ball_05.png,ball,Ball,1,0,1.17,None,None,None,None,1.17,8,6,6,ball,nan,,nan,,5,ball\ball_05.png,0,0,1,,,1,,,372,0,372,23,localizer,ball,Ball
8,24,localizer,0,1,car,5,5,6,car\car_06.png,car,Auto,1,0,1.15,None,None,None,None,1.15,8,5,5,car,nan,,nan,,6,car\car_06.png,0,0,1,,,1,,,373,0,373,24,localizer,car,Auto
8,25,localizer,0,1,chair,8,8,3,chair\chair_03.png,chair,Stuhl,1,0,1.14,None,None,None,None,1.14,8,8,8,chair,nan,,nan,,3,chair\chair_03.png,0,0,1,,,1,,,374,0,374,25,localizer,chair,Stuhl
8,26,localizer,0,1,dress,3,3,9,dress\dress_09.png,dress,Kleid,1,0,1.02,None,None,None,None,1.02,8,3,3,dress,nan,,nan,,9,dress\dress_09.png,0,0,1,,,1,,,375,0,375,26,localizer,dress,Kleid
8,27,localizer,0,1,saw,10,10,8,saw\saw_08.png,saw,Säge,1,0,1.12,None,None,None,None,1.12,8,10,10,saw,nan,,nan,,8,saw\saw_08.png,0,0,1,,,1,,,376,0,376,27,localizer,saw,Säge
8,28,localizer,0,1,book,7,7,2,book\book_02.png,book,Buch,1,0,0.85,None,None,None,None,0.85,8,7,7,book,nan,,nan,,2,book\book_02.png,0,0,1,,,1,,,377,0,377,28,localizer,book,Buch
8,29,localizer,0,1,chair,8,4,9,chair\chair_09.png,door,Tür,1,1,0.87,r,right,None,None,0.87,8,8,4,chair,nan,,nan,r,9,chair\chair_09.png,0,1,1,,right,1,,,378,0,378,29,localizer,door,Tür
8,30,localizer,0,1,ball,6,6,6,ball\ball_06.png,ball,Ball,1,0,1.02,None,None,None,None,1.02,8,6,6,ball,nan,,nan,,6,ball\ball_06.png,0,0,1,,,1,,,379,0,379,30,localizer,ball,Ball
8,31,localizer,0,1,chair,8,8,7,chair\chair_07.png,chair,Stuhl,1,0,0.84,None,None,None,None,0.84,8,8,8,chair,nan,,nan,,7,chair\chair_07.png,0,0,1,,,1,,,380,0,380,31,localizer,chair,Stuhl
8,32,localizer,0,1,door,4,4,3,door\door_03.png,door,Tür,1,0,1.1,None,None,None,None,1.1,8,4,4,door,nan,,nan,,3,door\door_03.png,0,0,1,,,1,,,381,0,381,32,localizer,door,Tür
8,33,localizer,0,1,ball,6,6,9,ball\ball_09.png,ball,Ball,1,0,0.8,None,None,None,None,0.8,8,6,6,ball,nan,,nan,,9,ball\ball_09.png,0,0,1,,,1,,,382,0,382,33,localizer,ball,Ball
8,34,localizer,0,1,rose,9,9,3,rose\rose_03.png,rose,Rose,1,0,1.01,None,None,None,None,1.01,8,9,9,rose,nan,,nan,,3,rose\rose_03.png,0,0,1,,,1,,,383,0,383,34,localizer,rose,Rose
8,35,localizer,0,1,ball,6,6,3,ball\ball_03.png,ball,Ball,1,0,1,None,None,None,None,1.0,8,6,6,ball,nan,,nan,,3,ball\ball_03.png,0,0,1,,,1,,,384,0,384,35,localizer,ball,Ball
8,36,localizer,0,1,bag,1,1,8,bag\bag_08.png,bag,Tasche,1,0,1.12,None,None,None,None,1.12,8,1,1,bag,nan,,nan,,8,bag\bag_08.png,0,0,1,,,1,,,385,0,385,36,localizer,bag,Tasche
8,37,localizer,0,1,fish,2,2,5,fish\fish_05.png,fish,Fisch,1,0,1.19,None,None,None,None,1.19,8,2,2,fish,nan,,nan,,5,fish\fish_05.png,0,0,1,,,1,,,386,0,386,37,localizer,fish,Fisch
8,38,localizer,0,1,dress,3,3,3,dress\dress_03.png,dress,Kleid,1,0,1,None,None,None,None,1.0,8,3,3,dress,nan,,nan,,3,dress\dress_03.png,0,0,1,,,1,,,387,0,387,38,localizer,dress,Kleid
8,39,localizer,0,1,door,4,4,6,door\door_06.png,door,Tür,1,0,1.04,None,None,None,None,1.04,8,4,4,door,nan,,nan,,6,door\door_06.png,0,0,1,,,1,,,388,0,388,39,localizer,door,Tür
8,40,localizer,0,1,book,7,2,9,book\book_09.png,fish,Fisch,1,1,0.99,r,left,None,None,0.99,8,7,2,book,nan,,nan,r,9,book\book_09.png,0,1,1,,left,1,,,389,0,389,40,localizer,fish,Fisch
8,41,localizer,0,1,saw,10,10,4,saw\saw_04.png,saw,Säge,1,0,0.92,None,None,None,None,0.92,8,10,10,saw,nan,,nan,,4,saw\saw_04.png,0,0,1,,,1,,,390,0,390,41,localizer,saw,Säge
8,42,localizer,0,1,bag,1,1,10,bag\bag_10.png,bag,Tasche,1,0,0.82,None,None,None,None,0.82,8,1,1,bag,nan,,nan,,10,bag\bag_10.png,0,0,1,,,1,,,391,0,391,42,localizer,bag,Tasche
8,43,localizer,0,1,car,5,5,7,car\car_07.png,car,Auto,1,0,1.04,None,None,None,None,1.04,8,5,5,car,nan,,nan,,7,car\car_07.png,0,0,1,,,1,,,392,0,392,43,localizer,car,Auto
8,44,localizer,0,1,rose,9,9,8,rose\rose_08.png,rose,Rose,1,0,1.08,None,None,None,None,1.08,8,9,9,rose,nan,,nan,,8,rose\rose_08.png,0,0,1,,,1,,,393,0,393,44,localizer,rose,Rose
8,45,localizer,0,1,door,4,4,4,door\door_04.png,door,Tür,1,0,0.94,None,None,None,None,0.94,8,4,4,door,nan,,nan,,4,door\door_04.png,0,0,1,,,1,,,394,0,394,45,localizer,door,Tür
8,46,localizer,0,1,dress,3,3,7,dress\dress_07.png,dress,Kleid,1,0,1,None,None,None,None,1.0,8,3,3,dress,nan,,nan,,7,dress\dress_07.png,0,0,1,,,1,,,395,0,395,46,localizer,dress,Kleid
8,47,localizer,0,1,door,4,4,2,door\door_02.png,door,Tür,1,0,0.81,None,None,None,None,0.81,8,4,4,door,nan,,nan,,2,door\door_02.png,0,0,1,,,1,,,396,0,396,47,localizer,door,Tür
8,48,localizer,0,1,bag,1,1,9,bag\bag_09.png,bag,Tasche,1,0,0.8,None,None,None,None,0.8,8,1,1,bag,nan,,nan,,9,bag\bag_09.png,0,0,1,,,1,,,397,0,397,48,localizer,bag,Tasche
8,49,localizer,0,1,car,5,10,3,car\car_03.png,saw,Säge,1,1,0.88,r,right,None,None,0.88,8,5,10,car,nan,,nan,r,3,car\car_03.png,0,1,1,,right,1,,,398,0,398,49,localizer,saw,Säge
8,50,localizer,0,1,rose,9,9,7,rose\rose_07.png,rose,Rose,1,0,1.16,None,None,None,None,1.16,8,9,9,rose,0.16190499998629093,r,71.14755980001064,,7,rose\rose_07.png,0,0,1,,,1,,,399,0,399,50,localizer,rose,Rose
9,1,localizer,0,1,book,7,7,6,book\book_06.png,book,Buch,1,0,1.07,None,None,None,None,1.07,9,7,7,book,nan,,nan,,6,book\book_06.png,0,0,1,,,1,,,400,0,400,1,localizer,book,Buch
9,2,localizer,0,1,saw,10,10,10,saw\saw_10.png,saw,Säge,1,0,1.17,None,None,None,None,1.17,9,10,10,saw,nan,,nan,,10,saw\saw_10.png,0,0,1,,,1,,,401,0,401,2,localizer,saw,Säge
9,3,localizer,0,1,dress,3,3,1,dress\dress_01.png,dress,Kleid,1,0,1.12,None,None,None,None,1.12,9,3,3,dress,nan,,nan,,1,dress\dress_01.png,0,0,1,,,1,,,402,0,402,3,localizer,dress,Kleid
9,4,localizer,0,1,chair,8,2,6,chair\chair_06.png,fish,Fisch,1,1,0.86,r,right,None,None,0.86,9,8,2,chair,nan,,nan,r,6,chair\chair_06.png,0,1,1,,right,1,,,403,0,403,4,localizer,fish,Fisch
9,5,localizer,0,1,ball,6,6,2,ball\ball_02.png,ball,Ball,1,0,1.2,None,None,None,None,1.2,9,6,6,ball,nan,,nan,,2,ball\ball_02.png,0,0,1,,,1,,,404,0,404,5,localizer,ball,Ball
9,6,localizer,0,1,book,7,7,1,book\book_01.png,book,Buch,1,0,1.04,None,None,None,None,1.04,9,7,7,book,nan,,nan,,1,book\book_01.png,0,0,1,,,1,,,405,0,405,6,localizer,book,Buch
9,7,localizer,0,1,saw,10,10,4,saw\saw_04.png,saw,Säge,1,0,0.95,None,None,None,None,0.95,9,10,10,saw,nan,,nan,,4,saw\saw_04.png,0,0,1,,,1,,,406,0,406,7,localizer,saw,Säge
9,8,localizer,0,1,fish,2,2,4,fish\fish_04.png,fish,Fisch,1,0,1.23,None,None,None,None,1.23,9,2,2,fish,nan,,nan,,4,fish\fish_04.png,0,0,1,,,1,,,407,0,407,8,localizer,fish,Fisch
9,9,localizer,0,1,car,5,5,5,car\car_05.png,car,Auto,1,0,1.06,None,None,None,None,1.06,9,5,5,car,nan,,nan,,5,car\car_05.png,0,0,1,,,1,,,408,0,408,9,localizer,car,Auto
9,10,localizer,0,1,rose,9,9,9,rose\rose_09.png,rose,Rose,1,0,1.04,None,None,None,None,1.04,9,9,9,rose,nan,,nan,,9,rose\rose_09.png,0,0,1,,,1,,,409,0,409,10,localizer,rose,Rose
9,11,localizer,0,1,door,4,4,2,door\door_02.png,door,Tür,1,0,0.91,None,None,None,None,0.91,9,4,4,door,nan,,nan,,2,door\door_02.png,0,0,1,,,1,,,410,0,410,11,localizer,door,Tür
9,12,localizer,0,1,ball,6,6,7,ball\ball_07.png,ball,Ball,1,0,0.93,None,None,None,None,0.93,9,6,6,ball,nan,,nan,,7,ball\ball_07.png,0,0,1,,,1,,,411,0,411,12,localizer,ball,Ball
9,13,localizer,0,1,dress,3,3,10,dress\dress_10.png,dress,Kleid,1,0,0.83,None,None,None,None,0.83,9,3,3,dress,nan,,nan,,10,dress\dress_10.png,0,0,1,,,1,,,412,0,412,13,localizer,dress,Kleid
9,14,localizer,0,1,chair,8,8,9,chair\chair_09.png,chair,Stuhl,1,0,1.21,None,None,None,None,1.21,9,8,8,chair,nan,,nan,,9,chair\chair_09.png,0,0,1,,,1,,,413,0,413,14,localizer,chair,Stuhl
9,15,localizer,0,1,car,5,5,10,car\car_10.png,car,Auto,1,0,0.76,None,None,None,None,0.76,9,5,5,car,nan,,nan,,10,car\car_10.png,0,0,1,,,1,,,414,0,414,15,localizer,car,Auto
9,16,localizer,0,1,book,7,7,3,book\book_03.png,book,Buch,1,0,0.77,None,None,None,None,0.77,9,7,7,book,nan,,nan,,3,book\book_03.png,0,0,1,,,1,,,415,0,415,16,localizer,book,Buch
9,17,localizer,0,1,chair,8,8,4,chair\chair_04.png,chair,Stuhl,1,0,1.2,None,None,None,None,1.2,9,8,8,chair,nan,,nan,,4,chair\chair_04.png,0,0,1,,,1,,,416,0,416,17,localizer,chair,Stuhl
9,18,localizer,0,1,rose,9,9,7,rose\rose_07.png,rose,Rose,1,0,1.1,None,None,None,None,1.1,9,9,9,rose,nan,,nan,,7,rose\rose_07.png,0,0,1,,,1,,,417,0,417,18,localizer,rose,Rose
9,19,localizer,0,1,book,7,3,2,book\book_02.png,dress,Kleid,1,1,0.8,r,right,None,None,0.8,9,7,3,book,nan,,nan,r,2,book\book_02.png,0,1,1,,right,1,,,418,0,418,19,localizer,dress,Kleid
9,20,localizer,0,1,fish,2,2,9,fish\fish_09.png,fish,Fisch,1,0,1.06,None,None,None,None,1.06,9,2,2,fish,nan,,nan,,9,fish\fish_09.png,0,0,1,,,1,,,419,0,419,20,localizer,fish,Fisch
9,21,localizer,0,1,dress,3,3,6,dress\dress_06.png,dress,Kleid,1,0,1.22,None,None,None,None,1.22,9,3,3,dress,nan,,nan,,6,dress\dress_06.png,0,0,1,,,1,,,420,0,420,21,localizer,dress,Kleid
9,22,localizer,0,1,ball,6,7,1,ball\ball_01.png,book,Buch,1,1,0.87,r,left,None,None,0.87,9,6,7,ball,nan,,nan,r,1,ball\ball_01.png,0,1,1,,left,1,,,421,0,421,22,localizer,book,Buch
9,23,localizer,0,1,fish,2,2,8,fish\fish_08.png,fish,Fisch,1,0,0.99,None,None,None,None,0.99,9,2,2,fish,nan,,nan,,8,fish\fish_08.png,0,0,1,,,1,,,422,0,422,23,localizer,fish,Fisch
9,24,localizer,0,1,door,4,4,3,door\door_03.png,door,Tür,1,0,1.08,None,None,None,None,1.08,9,4,4,door,nan,,nan,,3,door\door_03.png,0,0,1,,,1,,,423,0,423,24,localizer,door,Tür
9,25,localizer,0,1,saw,10,10,2,saw\saw_02.png,saw,Säge,1,0,0.87,None,None,None,None,0.87,9,10,10,saw,nan,,nan,,2,saw\saw_02.png,0,0,1,,,1,,,424,0,424,25,localizer,saw,Säge
9,26,localizer,0,1,chair,8,8,8,chair\chair_08.png,chair,Stuhl,1,0,1.05,None,None,None,None,1.05,9,8,8,chair,nan,,nan,,8,chair\chair_08.png,0,0,1,,,1,,,425,0,425,26,localizer,chair,Stuhl
9,27,localizer,0,1,dress,3,3,5,dress\dress_05.png,dress,Kleid,1,0,1.16,None,None,None,None,1.16,9,3,3,dress,nan,,nan,,5,dress\dress_05.png,0,0,1,,,1,,,426,0,426,27,localizer,dress,Kleid
9,28,localizer,0,1,car,5,5,3,car\car_03.png,car,Auto,1,0,0.93,None,None,None,None,0.93,9,5,5,car,nan,,nan,,3,car\car_03.png,0,0,1,,,1,,,427,0,427,28,localizer,car,Auto
9,29,localizer,0,1,bag,1,1,10,bag\bag_10.png,bag,Tasche,1,0,1.13,None,None,None,None,1.13,9,1,1,bag,nan,,nan,,10,bag\bag_10.png,0,0,1,,,1,,,428,0,428,29,localizer,bag,Tasche
9,30,localizer,0,1,saw,10,10,8,saw\saw_08.png,saw,Säge,1,0,1.07,None,None,None,None,1.07,9,10,10,saw,nan,,nan,,8,saw\saw_08.png,0,0,1,,,1,,,429,0,429,30,localizer,saw,Säge
9,31,localizer,0,1,rose,9,2,8,rose\rose_08.png,fish,Fisch,1,1,1.13,r,right,None,None,1.13,9,9,2,rose,nan,,nan,r,8,rose\rose_08.png,0,1,1,,right,1,,,430,0,430,31,localizer,fish,Fisch
9,32,localizer,0,1,book,7,7,7,book\book_07.png,book,Buch,1,0,1.02,None,None,None,None,1.02,9,7,7,book,nan,,nan,,7,book\book_07.png,0,0,1,,,1,,,431,0,431,32,localizer,book,Buch
9,33,localizer,0,1,door,4,4,4,door\door_04.png,door,Tür,1,0,1.07,None,None,None,None,1.07,9,4,4,door,nan,,nan,,4,door\door_04.png,0,0,1,,,1,,,432,0,432,33,localizer,door,Tür
9,34,localizer,0,1,ball,6,6,5,ball\ball_05.png,ball,Ball,1,0,1.12,None,None,None,None,1.12,9,6,6,ball,nan,,nan,,5,ball\ball_05.png,0,0,1,,,1,,,433,0,433,34,localizer,ball,Ball
9,35,localizer,0,1,car,5,5,9,car\car_09.png,car,Auto,1,0,1.03,None,None,None,None,1.03,9,5,5,car,nan,,nan,,9,car\car_09.png,0,0,1,,,1,,,434,0,434,35,localizer,car,Auto
9,36,localizer,0,1,bag,1,1,5,bag\bag_05.png,bag,Tasche,1,0,1.11,None,None,None,None,1.11,9,1,1,bag,nan,,nan,,5,bag\bag_05.png,0,0,1,,,1,,,435,0,435,36,localizer,bag,Tasche
9,37,localizer,0,1,fish,2,2,2,fish\fish_02.png,fish,Fisch,1,0,1.12,None,None,None,None,1.12,9,2,2,fish,nan,,nan,,2,fish\fish_02.png,0,0,1,,,1,,,436,0,436,37,localizer,fish,Fisch
9,38,localizer,0,1,dress,3,3,3,dress\dress_03.png,dress,Kleid,1,0,1.19,None,None,None,None,1.19,9,3,3,dress,nan,,nan,,3,dress\dress_03.png,0,0,1,,,1,,,437,0,437,38,localizer,dress,Kleid
9,39,localizer,0,1,saw,10,10,9,saw\saw_09.png,saw,Säge,1,0,1.05,None,None,None,None,1.05,9,10,10,saw,nan,,nan,,9,saw\saw_09.png,0,0,1,,,1,,,438,0,438,39,localizer,saw,Säge
9,40,localizer,0,1,rose,9,9,1,rose\rose_01.png,rose,Rose,1,0,1.08,None,None,None,None,1.08,9,9,9,rose,nan,,nan,,1,rose\rose_01.png,0,0,1,,,1,,,439,0,439,40,localizer,rose,Rose
9,41,localizer,0,1,bag,1,1,1,bag\bag_01.png,bag,Tasche,1,0,1.17,None,None,None,None,1.17,9,1,1,bag,nan,,nan,,1,bag\bag_01.png,0,0,1,,,1,,,440,0,440,41,localizer,bag,Tasche
9,42,localizer,0,1,rose,9,9,6,rose\rose_06.png,rose,Rose,1,0,0.87,None,None,None,None,0.87,9,9,9,rose,nan,,nan,,6,rose\rose_06.png,0,0,1,,,1,,,441,0,441,42,localizer,rose,Rose
9,43,localizer,0,1,door,4,4,10,door\door_10.png,door,Tür,1,0,1.06,None,None,None,None,1.06,9,4,4,door,nan,,nan,,10,door\door_10.png,0,0,1,,,1,,,442,0,442,43,localizer,door,Tür
9,44,localizer,0,1,fish,2,2,7,fish\fish_07.png,fish,Fisch,1,0,1.03,None,None,None,None,1.03,9,2,2,fish,nan,,nan,,7,fish\fish_07.png,0,0,1,,,1,,,443,0,443,44,localizer,fish,Fisch
9,45,localizer,0,1,ball,6,6,4,ball\ball_04.png,ball,Ball,1,0,1.14,None,None,None,None,1.14,9,6,6,ball,nan,,nan,,4,ball\ball_04.png,0,0,1,,,1,,,444,0,444,45,localizer,ball,Ball
9,46,localizer,0,1,bag,1,1,9,bag\bag_09.png,bag,Tasche,1,0,0.96,None,None,None,None,0.96,9,1,1,bag,nan,,nan,,9,bag\bag_09.png,0,0,1,,,1,,,445,0,445,46,localizer,bag,Tasche
9,47,localizer,0,1,car,5,4,8,car\car_08.png,door,Tür,1,1,1.01,r,left,None,None,1.01,9,5,4,car,nan,,nan,r,8,car\car_08.png,0,1,1,,left,1,,,446,0,446,47,localizer,door,Tür
9,48,localizer,0,1,chair,8,8,7,chair\chair_07.png,chair,Stuhl,1,0,0.9,None,None,None,None,0.9,9,8,8,chair,nan,,nan,,7,chair\chair_07.png,0,0,1,,,1,,,447,0,447,48,localizer,chair,Stuhl
9,49,localizer,0,1,door,4,4,6,door\door_06.png,door,Tür,1,0,1.12,None,None,None,None,1.12,9,4,4,door,nan,,nan,,6,door\door_06.png,0,0,1,,,1,,,448,0,448,49,localizer,door,Tür
9,50,localizer,0,1,bag,1,1,4,bag\bag_04.png,bag,Tasche,1,0,1,None,None,None,None,1.0,9,1,1,bag,0.2247312000254169,g,17.95292219996918,,4,bag\bag_04.png,0,0,1,,,1,,,449,0,449,50,localizer,bag,Tasche
10,1,localizer,0,1,saw,10,10,3,saw\saw_03.png,saw,Säge,1,0,0.99,None,None,None,None,0.99,10,10,10,saw,nan,,nan,,3,saw\saw_03.png,0,0,1,,,1,,,450,0,450,1,localizer,saw,Säge
10,2,localizer,0,1,book,7,7,5,book\book_05.png,book,Buch,1,0,0.89,None,None,None,None,0.89,10,7,7,book,nan,,nan,,5,book\book_05.png,0,0,1,,,1,,,451,0,451,2,localizer,book,Buch
10,3,localizer,0,1,car,5,5,7,car\car_07.png,car,Auto,1,0,0.92,None,None,None,None,0.92,10,5,5,car,nan,,nan,,7,car\car_07.png,0,0,1,,,1,,,452,0,452,3,localizer,car,Auto
10,4,localizer,0,1,book,7,7,10,book\book_10.png,book,Buch,1,0,0.93,None,None,None,None,0.93,10,7,7,book,nan,,nan,,10,book\book_10.png,0,0,1,,,1,,,453,0,453,4,localizer,book,Buch
10,5,localizer,0,1,rose,9,5,3,rose\rose_03.png,car,Auto,1,1,0.94,r,left,None,None,0.94,10,9,5,rose,nan,,nan,r,3,rose\rose_03.png,0,1,1,,left,1,,,454,0,454,5,localizer,car,Auto
10,6,localizer,0,1,dress,3,3,7,dress\dress_07.png,dress,Kleid,1,0,1.09,None,None,None,None,1.09,10,3,3,dress,nan,,nan,,7,dress\dress_07.png,0,0,1,,,1,,,455,0,455,6,localizer,dress,Kleid
10,7,localizer,0,1,chair,8,8,3,chair\chair_03.png,chair,Stuhl,1,0,0.91,None,None,None,None,0.91,10,8,8,chair,nan,,nan,,3,chair\chair_03.png,0,0,1,,,1,,,456,0,456,7,localizer,chair,Stuhl
10,8,localizer,0,1,ball,6,6,6,ball\ball_06.png,ball,Ball,1,0,0.99,None,None,None,None,0.99,10,6,6,ball,nan,,nan,,6,ball\ball_06.png,0,0,1,,,1,,,457,0,457,8,localizer,ball,Ball
10,9,localizer,0,1,fish,2,2,3,fish\fish_03.png,fish,Fisch,1,0,1.24,None,None,None,None,1.24,10,2,2,fish,nan,,nan,,3,fish\fish_03.png,0,0,1,,,1,,,458,0,458,9,localizer,fish,Fisch
10,10,localizer,0,1,car,5,5,1,car\car_01.png,car,Auto,1,0,0.78,None,None,None,None,0.78,10,5,5,car,nan,,nan,,1,car\car_01.png,0,0,1,,,1,,,459,0,459,10,localizer,car,Auto
10,11,localizer,0,1,ball,6,6,9,ball\ball_09.png,ball,Ball,1,0,1.02,None,None,None,None,1.02,10,6,6,ball,nan,,nan,,9,ball\ball_09.png,0,0,1,,,1,,,460,0,460,11,localizer,ball,Ball
10,12,localizer,0,1,rose,9,9,4,rose\rose_04.png,rose,Rose,1,0,0.86,None,None,None,None,0.86,10,9,9,rose,nan,,nan,,4,rose\rose_04.png,0,0,1,,,1,,,461,0,461,12,localizer,rose,Rose
10,13,localizer,0,1,ball,6,6,3,ball\ball_03.png,ball,Ball,1,0,1.23,None,None,None,None,1.23,10,6,6,ball,nan,,nan,,3,ball\ball_03.png,0,0,1,,,1,,,462,0,462,13,localizer,ball,Ball
10,14,localizer,0,1,bag,1,1,8,bag\bag_08.png,bag,Tasche,1,0,0.85,None,None,None,None,0.85,10,1,1,bag,nan,,nan,,8,bag\bag_08.png,0,0,1,,,1,,,463,0,463,14,localizer,bag,Tasche
10,15,localizer,0,1,saw,10,10,7,saw\saw_07.png,saw,Säge,1,0,1.05,None,None,None,None,1.05,10,10,10,saw,nan,,nan,,7,saw\saw_07.png,0,0,1,,,1,,,464,0,464,15,localizer,saw,Säge
10,16,localizer,0,1,door,4,4,7,door\door_07.png,door,Tür,1,0,1.09,None,None,None,None,1.09,10,4,4,door,nan,,nan,,7,door\door_07.png,0,0,1,,,1,,,465,0,465,16,localizer,door,Tür
10,17,localizer,0,1,chair,8,1,2,chair\chair_02.png,bag,Tasche,1,1,1.15,r,left,None,None,1.15,10,8,1,chair,nan,,nan,r,2,chair\chair_02.png,0,1,1,,left,1,,,466,0,466,17,localizer,bag,Tasche
10,18,localizer,0,1,door,4,4,1,door\door_01.png,door,Tür,1,0,1.07,None,None,None,None,1.07,10,4,4,door,nan,,nan,,1,door\door_01.png,0,0,1,,,1,,,467,0,467,18,localizer,door,Tür
10,19,localizer,0,1,dress,3,3,4,dress\dress_04.png,dress,Kleid,1,0,1.11,None,None,None,None,1.11,10,3,3,dress,nan,,nan,,4,dress\dress_04.png,0,0,1,,,1,,,468,0,468,19,localizer,dress,Kleid
10,20,localizer,0,1,car,5,5,6,car\car_06.png,car,Auto,1,0,0.76,None,None,None,None,0.76,10,5,5,car,nan,,nan,,6,car\car_06.png,0,0,1,,,1,,,469,0,469,20,localizer,car,Auto
10,21,localizer,0,1,fish,2,2,10,fish\fish_10.png,fish,Fisch,1,0,0.82,None,None,None,None,0.82,10,2,2,fish,nan,,nan,,10,fish\fish_10.png,0,0,1,,,1,,,470,0,470,21,localizer,fish,Fisch
10,22,localizer,0,1,book,7,7,9,book\book_09.png,book,Buch,1,0,1.22,None,None,None,None,1.22,10,7,7,book,nan,,nan,,9,book\book_09.png,0,0,1,,,1,,,471,0,471,22,localizer,book,Buch
10,23,localizer,0,1,fish,2,2,6,fish\fish_06.png,fish,Fisch,1,0,1.2,None,None,None,None,1.2,10,2,2,fish,nan,,nan,,6,fish\fish_06.png,0,0,1,,,1,,,472,0,472,23,localizer,fish,Fisch
10,24,localizer,0,1,saw,10,10,5,saw\saw_05.png,saw,Säge,1,0,1.18,None,None,None,None,1.18,10,10,10,saw,nan,,nan,,5,saw\saw_05.png,0,0,1,,,1,,,473,0,473,24,localizer,saw,Säge
10,25,localizer,0,1,rose,9,9,2,rose\rose_02.png,rose,Rose,1,0,0.81,None,None,None,None,0.81,10,9,9,rose,nan,,nan,,2,rose\rose_02.png,0,0,1,,,1,,,474,0,474,25,localizer,rose,Rose
10,26,localizer,0,1,dress,3,3,2,dress\dress_02.png,dress,Kleid,1,0,1.15,None,None,None,None,1.15,10,3,3,dress,nan,,nan,,2,dress\dress_02.png,0,0,1,,,1,,,475,0,475,26,localizer,dress,Kleid
10,27,localizer,0,1,car,5,5,2,car\car_02.png,car,Auto,1,0,0.96,None,None,None,None,0.96,10,5,5,car,nan,,nan,,2,car\car_02.png,0,0,1,,,1,,,476,0,476,27,localizer,car,Auto
10,28,localizer,0,1,chair,8,8,5,chair\chair_05.png,chair,Stuhl,1,0,1.13,None,None,None,None,1.13,10,8,8,chair,nan,,nan,,5,chair\chair_05.png,0,0,1,,,1,,,477,0,477,28,localizer,chair,Stuhl
10,29,localizer,0,1,book,7,9,4,book\book_04.png,rose,Rose,1,1,0.95,r,left,None,None,0.95,10,7,9,book,nan,,nan,r,4,book\book_04.png,0,1,1,,left,1,,,478,0,478,29,localizer,rose,Rose
10,30,localizer,0,1,bag,1,1,7,bag\bag_07.png,bag,Tasche,1,0,1.22,None,None,None,None,1.22,10,1,1,bag,nan,,nan,,7,bag\bag_07.png,0,0,1,,,1,,,479,0,479,30,localizer,bag,Tasche
10,31,localizer,0,1,car,5,5,4,car\car_04.png,car,Auto,1,0,0.78,None,None,None,None,0.78,10,5,5,car,nan,,nan,,4,car\car_04.png,0,0,1,,,1,,,480,0,480,31,localizer,car,Auto
10,32,localizer,0,1,rose,9,9,5,rose\rose_05.png,rose,Rose,1,0,1.07,None,None,None,None,1.07,10,9,9,rose,nan,,nan,,5,rose\rose_05.png,0,0,1,,,1,,,481,0,481,32,localizer,rose,Rose
10,33,localizer,0,1,bag,1,1,2,bag\bag_02.png,bag,Tasche,1,0,0.92,None,None,None,None,0.92,10,1,1,bag,nan,,nan,,2,bag\bag_02.png,0,0,1,,,1,,,482,0,482,33,localizer,bag,Tasche
10,34,localizer,0,1,fish,2,2,5,fish\fish_05.png,fish,Fisch,1,0,0.89,None,None,None,None,0.89,10,2,2,fish,nan,,nan,,5,fish\fish_05.png,0,0,1,,,1,,,483,0,483,34,localizer,fish,Fisch
10,35,localizer,0,1,ball,6,6,10,ball\ball_10.png,ball,Ball,1,0,1.23,None,None,None,None,1.23,10,6,6,ball,nan,,nan,,10,ball\ball_10.png,0,0,1,,,1,,,484,0,484,35,localizer,ball,Ball
10,36,localizer,0,1,dress,3,3,9,dress\dress_09.png,dress,Kleid,1,0,0.82,None,None,None,None,0.82,10,3,3,dress,nan,,nan,,9,dress\dress_09.png,0,0,1,,,1,,,485,0,485,36,localizer,dress,Kleid
10,37,localizer,0,1,door,4,4,5,door\door_05.png,door,Tür,1,0,0.95,None,None,None,None,0.95,10,4,4,door,nan,,nan,,5,door\door_05.png,0,0,1,,,1,,,486,0,486,37,localizer,door,Tür
10,38,localizer,0,1,saw,10,3,6,saw\saw_06.png,dress,Kleid,1,1,0.97,r,right,None,None,0.97,10,10,3,saw,nan,,nan,r,6,saw\saw_06.png,0,1,1,,right,1,,,487,0,487,38,localizer,dress,Kleid
10,39,localizer,0,1,door,4,4,9,door\door_09.png,door,Tür,1,0,1.21,None,None,None,None,1.21,10,4,4,door,nan,,nan,,9,door\door_09.png,0,0,1,,,1,,,488,0,488,39,localizer,door,Tür
10,40,localizer,0,1,bag,1,1,3,bag\bag_03.png,bag,Tasche,1,0,0.92,None,None,None,None,0.92,10,1,1,bag,nan,,nan,,3,bag\bag_03.png,0,0,1,,,1,,,489,0,489,40,localizer,bag,Tasche
10,41,localizer,0,1,dress,3,3,8,dress\dress_08.png,dress,Kleid,1,0,1.19,None,None,None,None,1.19,10,3,3,dress,nan,,nan,,8,dress\dress_08.png,0,0,1,,,1,,,490,0,490,41,localizer,dress,Kleid
10,42,localizer,0,1,fish,2,2,1,fish\fish_01.png,fish,Fisch,1,0,1.15,None,None,None,None,1.15,10,2,2,fish,nan,,nan,,1,fish\fish_01.png,0,0,1,,,1,,,491,0,491,42,localizer,fish,Fisch
10,43,localizer,0,1,saw,10,10,1,saw\saw_01.png,saw,Säge,1,0,1.24,None,None,None,None,1.24,10,10,10,saw,nan,,nan,,1,saw\saw_01.png,0,0,1,,,1,,,492,0,492,43,localizer,saw,Säge
10,44,localizer,0,1,rose,9,9,10,rose\rose_10.png,rose,Rose,1,0,1.05,None,None,None,None,1.05,10,9,9,rose,nan,,nan,,10,rose\rose_10.png,0,0,1,,,1,,,493,0,493,44,localizer,rose,Rose
10,45,localizer,0,1,ball,6,1,8,ball\ball_08.png,bag,Tasche,1,1,0.94,r,right,None,None,0.94,10,6,1,ball,nan,,nan,r,8,ball\ball_08.png,0,1,1,,right,1,,,494,0,494,45,localizer,bag,Tasche
10,46,localizer,0,1,book,7,7,8,book\book_08.png,book,Buch,1,0,0.9,None,None,None,None,0.9,10,7,7,book,nan,,nan,,8,book\book_08.png,0,0,1,,,1,,,495,0,495,46,localizer,book,Buch
10,47,localizer,0,1,bag,1,1,6,bag\bag_06.png,bag,Tasche,1,0,0.9,None,None,None,None,0.9,10,1,1,bag,nan,,nan,,6,bag\bag_06.png,0,0,1,,,1,,,496,0,496,47,localizer,bag,Tasche
10,48,localizer,0,1,chair,8,8,1,chair\chair_01.png,chair,Stuhl,1,0,1.17,None,None,None,None,1.17,10,8,8,chair,nan,,nan,,1,chair\chair_01.png,0,0,1,,,1,,,497,0,497,48,localizer,chair,Stuhl
10,49,localizer,0,1,door,4,4,8,door\door_08.png,door,Tür,1,0,0.84,None,None,None,None,0.84,10,4,4,door,nan,,nan,,8,door\door_08.png,0,0,1,,,1,,,498,0,498,49,localizer,door,Tür
10,50,localizer,0,1,chair,8,8,10,chair\chair_10.png,chair,Stuhl,1,0,0.9,None,None,None,None,0.9,10,8,8,chair,nan,,nan,,10,chair\chair_10.png,0,0,1,,,1,,,499,0,499,50,localizer,chair,Stuhl

extraInfo
participant,3
date,2026-08-08_20h28.59.015
expName,TSRlearn_localizer-concepts
expVersion,
psychopyVersion,2025.2.4
frameRate,60.03925365539914
expStart,2026-08-08 20h29.00.336696 +0200
