promptFile	correctFile	dist_01File	dist_02File	correct_pos	dist01_pos	dist02_pos	correct_ans	thisN	thisTrialN	thisRepN	key_resp_2.keys	key_resp_2.rt	key_resp_2.duration	trial_type	img_first	img_second	img_third	opt_left	opt_right	correct_side	correct_key	distance_correct	image_dur_retr	fix_dur_retr	ImageExamplePath	iti_dur_retr	reflection_win_dur	condFileLearning	condFileRetrieval	n_routes_block	block	learningSeq	runIndexWithinSeq	currPosInSeq	promptConcept	correctConcept	dist01Concept	dist02Concept	dist01_diff	dist02_diff	pairTargetPosInSeq	buf1Concept	buf1Exemplar	buf1File	buf2Concept	buf2Exemplar	buf2File	buf13Concept	buf13Exemplar	buf13File	buf14Concept	buf14Exemplar	buf14File	promptTrigNumber	correctTrigNumber	dist01TrigNumber	dist02TrigNumber	key_resp.keys	key_resp.rt	key_resp.duration	miniblockWithinRun	coupleIndexWithinRoute	is_yes	routeIndexWithinBlock	seqOfRoute	retrIm1Trig	retrIm2Trig	continue_button_18.keys	resp.keys	resp_4.keys	practice_learning.thisRepN	practice_learning.thisTrialN	practice_learning.thisN	practice_learning.thisIndex	retrieval_prc_loop.thisRepN	retrieval_prc_loop.thisTrialN	retrieval_prc_loop.thisN	retrieval_prc_loop.thisIndex	retry_loop.thisRepN	retry_loop.thisTrialN	retry_loop.thisN	retry_loop.thisIndex	Block.thisRepN	Block.thisTrialN	Block.thisN	Block.thisIndex	miniblocks.thisRepN	miniblocks.thisTrialN	miniblocks.thisN	miniblocks.thisIndex	learning_trials.thisRepN	learning_trials.thisTrialN	learning_trials.thisN	learning_trials.thisIndex	retrieval_trials.thisRepN	retrieval_trials.thisTrialN	retrieval_trials.thisN	retrieval_trials.thisIndex	thisRow.t	notes	startup_settings.started	startup_settings.stopped	instructions_01.started	instruction_part1.started	continue_button.started	instructions_01.stopped	continue_button.keys	continue_button.rt	continue_button.duration	instructions_02.started	instruction_part2.started	continue_button_3.started	instructions_02.stopped	continue_button_3.keys	continue_button_3.rt	continue_button_3.duration	instructions_03.started	instruction_part3.started	continue_button_4.started	instructions_03.stopped	continue_button_4.keys	continue_button_4.rt	continue_button_4.duration	instructions_04.started	instruction_part4.started	continue_button_5.started	instructions_04.stopped	continue_button_5.keys	continue_button_5.rt	continue_button_5.duration	instructions_05.started	instruction_part5.started	continue_button_6.started	instructions_05.stopped	continue_button_6.keys	continue_button_6.rt	continue_button_6.duration	instructions_06.started	instruction_part6.started	continue_button_7.started	instructions_06.stopped	continue_button_7.keys	continue_button_7.rt	continue_button_7.duration	instructions_replay_break.started	instructions_part16.started	continue_button_22.started	instructions_replay_break.stopped	continue_button_22.keys	continue_button_22.rt	continue_button_22.duration	practice_choice_display.started	polygon.started	prompt_prc.started	dist_01_prc.started	dist_02_prc.started	correct_prc.started	key_resp_2.started	instructions_choose_2.started	practice_choice_display.stopped	practice_learning.key_resp_2.keys	practice_learning.key_resp_2.rt	practice_learning.key_resp_2.duration	practice_feedback.started	polygon_7.started	prompt_prc_2.started	dist_01_prc_2.started	dist_02_prc_2.started	correct_prc_2.started	practice_feedback.stopped	rest_practice.started	fix_cross_2.started	rest_instruction.started	fix_cross_2.stopped	rest_instruction.stopped	rest_practice.stopped	instruction_retrieval_trials.started	instruction_part7.started	continue_button_8.started	instruction_part7.stopped	continue_button_8.stopped	instruction_retrieval_trials.stopped	continue_button_8.keys	instruction_retrievalques1.started	instruction_part10.started	continue_button_10.started	instruction_retrievalques1.stopped	continue_button_10.keys	continue_button_10.rt	continue_button_10.duration	instruction_retrievalques1_02.started	instruction_part13.started	continue_button_19.started	instruction_retrievalques1_02.stopped	continue_button_19.keys	continue_button_19.rt	continue_button_19.duration	instruction_retrievalques2.started	instruction_part11.started	continue_button_11.started	instruction_retrievalques2.stopped	continue_button_11.keys	continue_button_11.rt	continue_button_11.duration	instruction_retrievalques2_02.started	instruction_part14.started	continue_button_20.started	instruction_retrievalques2_02.stopped	continue_button_20.keys	continue_button_20.rt	continue_button_20.duration	instruction_refl_period.started	instruction_part12.started	continue_button_14.started	instruction_refl_period.stopped	continue_button_14.keys	continue_button_14.rt	continue_button_14.duration	instruction_refl_period_02.started	instruction_part15.started	continue_button_21.started	instruction_refl_period_02.stopped	continue_button_21.keys	continue_button_21.rt	continue_button_21.duration	retrieval_backg_info.started	instruction_info.started	continue_button_15.started	retrieval_backg_info.stopped	continue_button_15.keys	continue_button_15.rt	continue_button_15.duration	instruction_practice_type1.started	instruction_part8.started	continue_button_9.started	instruction_practice_type1.stopped	continue_button_9.keys	continue_button_9.rt	continue_button_9.duration	retrieval_type1_practice.started	fix_cross_retrbegin.started	fix_cross_retrbegin.stopped	retrieval_type1_practice.stopped	first_image_prc.started	image_1_prc.started	info_example_3.started	image_1_prc.stopped	info_example_3.stopped	first_image_prc.stopped	mask_retr1_prc.started	mask_img1.started	info_example_4.started	mask_img1.stopped	info_example_4.stopped	mask_retr1_prc.stopped	second_image_prc.started	image_2_prc.started	info_example_5.started	image_2_prc.stopped	info_example_5.stopped	second_image_prc.stopped	mask_retr2_prc.started	mask_img2.started	info_example_6.started	mask_img2.stopped	info_example_6.stopped	mask_retr2_prc.stopped	reflection_period.started	fix_cross_reflretr_2.started	text.started	fix_cross_reflretr_2.stopped	text.stopped	reflection_period.stopped	retr_response_order_prc.started	yes_txt_3.started	no_txt_3.started	polygon_9.started	resp_3.started	info_example_7.started	retr_response_order_prc.stopped	retry_loop.resp_3.keys	retry_loop.resp_3.rt	retry_loop.resp_3.duration	retr_response_distance_prc.started	resp_2.started	info_example.started	opt_2_prc.started	opt_3_prc.started	opt_4_prc.started	opt_5_prc.started	retr_response_distance_prc.stopped	retry_loop.resp_2.keys	retry_loop.resp_2.rt	retry_loop.resp_2.duration	retr_response_feedback.started	text_feedback.started	text_continue.started	continue_button_16.started	retr_response_feedback.stopped	retry_loop.continue_button_16.keys	retry_loop.continue_button_16.rt	retry_loop.continue_button_16.duration	instructions_07.started	instructions_part7.started	continue_button_13.started	instructions_07.stopped	continue_button_13.keys	continue_button_13.rt	continue_button_13.duration	reset_rows_to_select.started	reset_rows_to_select.stopped	set_learning_rows.started	set_learning_rows.stopped	show_context.started	scene_image.started	show_context.stopped	choice_display.started	scene_image_2.started	polygon_4.started	prompt.started	dist_01.started	dist_02.started	correct.started	chooseNowText.started	key_resp.started	choice_display.stopped	learning_trials.key_resp.keys	feedback.started	scene_image_3.started	polygon_8.started	prompt_2.started	dist_01_2.started	dist_02_2.started	correct_2.started	feedback.stopped	too_slow_routine.started	scene_image_4.started	tooSlowtext.started	scene_image_4.stopped	tooSlowtext.stopped	too_slow_routine.stopped	scene_image.stopped	learning_trials.key_resp.rt	learning_trials.key_resp.duration	rest_period.started	fix_cross.started	fix_cross.stopped	rest_period.stopped	instruction_retr_start.started	instruction_now_retr.started	continue_button_18.started	instruction_now_retr.stopped	continue_button_18.stopped	instruction_retr_start.stopped	miniblocks.continue_button_18.keys	set_retrieval_rows.started	set_retrieval_rows.stopped	retr_ITI.started	fix_cross_retrbegin_2.started	fix_cross_retrbegin_2.stopped	retr_ITI.stopped	first_image.started	image_1.started	image_1.stopped	first_image.stopped	mask_retr1.started	mask_img1_2.started	mask_img1_2.stopped	mask_retr1.stopped	second_image.started	image_2.started	image_2.stopped	second_image.stopped	mask_retr2.started	mask_img2_2.started	mask_img2_2.stopped	mask_retr2.stopped	reflection_period_retr.started	fix_cross_reflretr.started	fix_cross_reflretr.stopped	reflection_period_retr.stopped	retr_response_order.started	polygon_6.started	yes_txt.started	no_txt.started	chooseNowText_2.started	resp.started	retr_response_order.stopped	retrieval_trials.resp.keys	too_slow_routine_1.started	tooSlowtext_4.started	tooSlowtext_4.stopped	too_slow_routine_1.stopped	retr_response_distance.started	chooseNowText_3.started	opt_2.started	opt_3.started	opt_4.started	opt_5.started	resp_4.started	chooseNowText_3.stopped	opt_2.stopped	opt_3.stopped	opt_4.stopped	opt_5.stopped	resp_4.stopped	retr_response_distance.stopped	retrieval_trials.resp_4.keys	too_slow_routine_2.started	tooSlowtext_2.started	tooSlowtext_2.stopped	too_slow_routine_2.stopped	yes_txt.stopped	no_txt.stopped	resp.stopped	participant_ID	date	expName	expVersion	psychopyVersion	frameRate	expStart	
																																																																																																					0.017300400009844452	0.01746649999404326																																																																																																																																																																																																																																																																																																																										3	2026-08-10_14h20.05.700	TSRlearn_main-blocks		2025.1.1	60.25167121811713	2026-08-10 14h20.11.687646 +0200	
																																																																																																							0.03479220002191141	0.047576599987223744	3.0299176999833435	3.3230251999921165	r	0.2688839000184089	None																																																																																																																																																																																																																																																																																																																			3	2026-08-10_14h20.05.700	TSRlearn_main-blocks		2025.1.1	60.25167121811713	2026-08-10 14h20.11.687646 +0200	
																																																																																																														3.3387448000139557	3.346387199999299	6.329542899969965	6.796712699986529	r	0.44917889998760074	None																																																																																																																																																																																																																																																																																																												3	2026-08-10_14h20.05.700	TSRlearn_main-blocks		2025.1.1	60.25167121811713	2026-08-10 14h20.11.687646 +0200	
																																																																																																																					6.810521500010509	6.828769800020382	9.811830300022848	10.028557799989358	r	0.21135090000461787	None																																																																																																																																																																																																																																																																																																					3	2026-08-10_14h20.05.700	TSRlearn_main-blocks		2025.1.1	60.25167121811713	2026-08-10 14h20.11.687646 +0200	
																																																																																																																												10.049185500014573	10.061683600011747	13.043480799999088	13.061742199992295	r	0.009537399979308248	None																																																																																																																																																																																																																																																																																														3	2026-08-10_14h20.05.700	TSRlearn_main-blocks		2025.1.1	60.25167121811713	2026-08-10 14h20.11.687646 +0200	
																																																																																																																																			13.072500700014643	13.093481399992015	16.07657560001826	16.293337500013877	r	0.21102180000161752	None																																																																																																																																																																																																																																																																																							3	2026-08-10_14h20.05.700	TSRlearn_main-blocks		2025.1.1	60.25167121811713	2026-08-10 14h20.11.687646 +0200	
																																																																																																																																										16.41288329998497	16.42641110002296	19.30819239997072	19.84201139997458	r	0.5178263999987394	None																																																																																																																																																																																																																																																																																3	2026-08-10_14h20.05.700	TSRlearn_main-blocks		2025.1.1	60.25167121811713	2026-08-10 14h20.11.687646 +0200	
																																																																																																																																																	19.853331300022546	19.87530000001425	20.857607599988114	21.57553159998497	r	0.7072841000044718	None																																																																																																																																																																																																																																																																									3	2026-08-10_14h20.05.700	TSRlearn_main-blocks		2025.1.1	60.25167121811713	2026-08-10 14h20.11.687646 +0200	
stimuli/practice_images/anchor.jpg	stimuli/practice_images/cow.jpg	stimuli/practice_images/bread.jpg	stimuli/practice_images/plane.jpg	right	left	center	right	0	0	0	r	0.7072841000044718	0.4615907999686897																																																										0	0	0	0																									21.857078699977137																																																					21.77617809997173	21.857078699977137	21.857078699977137	21.857078699977137	21.857078699977137	21.857078699977137	0.20065749995410442	21.857078699977137	22.042613699974027	r	0.7072841000044718	0.4615907999686897	22.21325109997997	22.257156900013797	22.257156900013797	22.257156900013797	22.257156900013797	22.257156900013797	23.241645800007973																																																																																																																																																																																																																																																						3	2026-08-10_14h20.05.700	TSRlearn_main-blocks		2025.1.1	60.25167121811713	2026-08-10 14h20.11.687646 +0200	
stimuli/practice_images/cow.jpg	stimuli/practice_images/ant.jpg	stimuli/practice_images/banana.jpg	stimuli/practice_images/glasses.jpg	left	right	center	left	1	1	0	r	3.0472646999987774	None																																																										0	1	1	1																									23.423191100009717																																																					23.399812299991027	23.423191100009717	23.423191100009717	23.423191100009717	23.423191100009717	23.423191100009717	0.15817929996410385	23.423191100009717	26.57439050002722	r	3.0472646999987774	None	26.74498100002529	26.77244700002484	26.77244700002484	26.77244700002484	26.77244700002484	26.77244700002484	27.756833599996753																																																																																																																																																																																																																																																						3	2026-08-10_14h20.05.700	TSRlearn_main-blocks		2025.1.1	60.25167121811713	2026-08-10 14h20.11.687646 +0200	
stimuli/practice_images/ant.jpg	stimuli/practice_images/basket.jpg	stimuli/practice_images/axe.jpg	stimuli/practice_images/duck.jpg	center	left	right	up	2	2	0	r	3.155088200001046	None																																																										0	2	2	2																									27.939406400022563																																																					27.918143899994902	27.939406400022563	27.939406400022563	27.939406400022563	27.939406400022563	27.939406400022563	0.16132690000813454	27.939406400022563	31.205275400017854	r	3.155088200001046	None	31.368473700014874	31.404990400013048	31.404990400013048	31.404990400013048	31.404990400013048	31.404990400013048	32.38895819999743																																																																																																																																																																																																																																																						3	2026-08-10_14h20.05.700	TSRlearn_main-blocks		2025.1.1	60.25167121811713	2026-08-10 14h20.11.687646 +0200	
stimuli/practice_images/basket.jpg	stimuli/practice_images/bed.jpg	stimuli/practice_images/belt.jpg	stimuli/practice_images/bread.jpg	center	right	left	up	3	3	0	r	3.8842258999939077	None																																																										0	3	3	3																									32.571058099973015																																																					32.546801800024696	32.571058099973015	32.571058099973015	32.571058099973015	32.571058099973015	32.571058099973015	0.15785289998166263	32.571058099973015	36.55402390001109	r	3.8842258999939077	None	36.74103059998015	36.76982169999974	36.76982169999974	36.76982169999974	36.76982169999974	36.76982169999974	37.753358700021636																																																																																																																																																																																																																																																						3	2026-08-10_14h20.05.700	TSRlearn_main-blocks		2025.1.1	60.25167121811713	2026-08-10 14h20.11.687646 +0200	
stimuli/practice_images/bed.jpg	stimuli/practice_images/belt.jpg	stimuli/practice_images/anchor.jpg	stimuli/practice_images/desk.jpg	left	center	right	left	4	4	0	g	0.4734096000320278	None																																																										0	4	4	4																									37.95288250001613																																																					37.924593699979596	37.95288250001613	37.95288250001613	37.95288250001613	37.95288250001613	37.95288250001613	0.17127559997607023	37.95288250001613	38.520748600014485	g	0.4734096000320278	None	38.684220399998594	38.71860469999956	38.71860469999956	38.71860469999956	38.71860469999956	38.71860469999956	39.703817799978424																																																																																																																																																																																																																																																						3	2026-08-10_14h20.05.700	TSRlearn_main-blocks		2025.1.1	60.25167121811713	2026-08-10 14h20.11.687646 +0200	
stimuli/practice_images/belt.jpg	stimuli/practice_images/bird.jpg	stimuli/practice_images/ant.jpg	stimuli/practice_images/crocodile.jpg	right	left	center	right	5	5	0	r	1.3800335999694653	None																																																										0	5	5	5																									39.88498149998486																																																					39.85529460001271	39.88498149998486	39.88498149998486	39.88498149998486	39.88498149998486	39.88498149998486	0.1515147999743931	39.88498149998486	41.35246660001576	r	1.3800335999694653	None	41.55088799999794	41.585158000001684	41.585158000001684	41.585158000001684	41.585158000001684	41.585158000001684	42.5683022000012																																																																																																																																																																																																																																																						3	2026-08-10_14h20.05.700	TSRlearn_main-blocks		2025.1.1	60.25167121811713	2026-08-10 14h20.11.687646 +0200	
																																																																																																																																																																											42.57261580001796	42.58470050001051	42.58470050001051	47.615968799975235	47.615968799975235	47.58371580002131																																																																																																																																																																																																																																																3	2026-08-10_14h20.05.700	TSRlearn_main-blocks		2025.1.1	60.25167121811713	2026-08-10 14h20.11.687646 +0200	
																																																																																																																																																																																	47.600336299976334	47.615968799975235	50.598939699993934	227.62625730002765	230.60803629999282	230.59228500002064	None																																																																																																																																																																																																																																									3	2026-08-10_14h20.05.700	TSRlearn_main-blocks		2025.1.1	60.25167121811713	2026-08-10 14h20.11.687646 +0200	
																																																																																																																																																																																								230.5996531000128	230.60803629999282	233.60723979998147	234.25784709997242	r	0.6433054999797605	None																																																																																																																																																																																																																																		3	2026-08-10_14h20.05.700	TSRlearn_main-blocks		2025.1.1	60.25167121811713	2026-08-10 14h20.11.687646 +0200	
																																																																																																																																																																																															234.2667215000256	234.27357999997912	237.27265629998874	237.49012999999104	r	0.21173580002505332	None																																																																																																																																																																																																																											3	2026-08-10_14h20.05.700	TSRlearn_main-blocks		2025.1.1	60.25167121811713	2026-08-10 14h20.11.687646 +0200	
																																																																																																																																																																																																						237.498589899973	237.50585979997413	240.50497760000871	240.95585590001428	r	0.43908829998690635	None																																																																																																																																																																																																																				3	2026-08-10_14h20.05.700	TSRlearn_main-blocks		2025.1.1	60.25167121811713	2026-08-10 14h20.11.687646 +0200	
																																																																																																																																																																																																													240.96293059998425	240.97137869999278	243.9705854000058	244.55453580000903	r	0.5822240000125021	None																																																																																																																																																																																																													3	2026-08-10_14h20.05.700	TSRlearn_main-blocks		2025.1.1	60.25167121811713	2026-08-10 14h20.11.687646 +0200	
																																																																																																																																																																																																																				244.56007760000648	244.57025069999509	247.56949409999652	247.66988399997354	r	0.08611430000746623	None																																																																																																																																																																																																						3	2026-08-10_14h20.05.700	TSRlearn_main-blocks		2025.1.1	60.25167121811713	2026-08-10 14h20.11.687646 +0200	
																																																																																																																																																																																																																											247.67896140000084	247.68672529998003	250.68571519997204	250.7192135999794	r	0.029517500021029264	None																																																																																																																																																																																															3	2026-08-10_14h20.05.700	TSRlearn_main-blocks		2025.1.1	60.25167121811713	2026-08-10 14h20.11.687646 +0200	
																																																																																																																																																																																																																																		250.72784750000574	250.734982999973	251.21886470000027	251.30209900002228	r	0.07648550003068522	None																																																																																																																																																																																								3	2026-08-10_14h20.05.700	TSRlearn_main-blocks		2025.1.1	60.25167121811713	2026-08-10 14h20.11.687646 +0200	
																																																																																																																																																																																																																																									251.30889990000287	251.3188401000225	251.80136370001128	252.3854535999708	r	0.5736229000031017	None																																																																																																																																																																																	3	2026-08-10_14h20.05.700	TSRlearn_main-blocks		2025.1.1	60.25167121811713	2026-08-10 14h20.11.687646 +0200	
								0	0	0				3	stimuli/practice_images/cow.jpg	stimuli/practice_images/basket.jpg	None	yes	no	left	left	2	2	0.5	stimuli/practice_images/practice_sequence_overview_t3_01.jpg	0.45	1.95																																																0	0	0	0	0	0	0	0																	252.41791710001417																																																																																																																																													252.3980131999706	252.41791710001417	252.91825380001683	252.85119040001882	252.886178500019	252.91825380001683	252.91825380001683	254.43381919997046	254.43381919997046	254.4180287999916	254.4214960000245	254.43381919997046	254.43381919997046	254.73437339998782	254.73437339998782	254.66749999998137	254.7038166000275	254.73437339998782	254.73437339998782	256.2499257000163	256.2499257000163	256.234112599981	256.23747420002474	256.2499257000163	256.2499257000163	256.5004983000108	256.5004983000108	256.4834218000178	256.48346279998077	256.5004983000108	256.5004983000108	260.46589089999907	260.46589089999907	260.44883489998756	260.45633720001206	260.46589089999907	260.46589089999907	260.46589089999907	0.007531499955803156	260.46589089999907	262.91473530000076	g	2.3312199999927543	0.11980490002315491	262.91904990002513	0.004285999981220812	262.9317744	262.9317744	262.9317744	262.9317744	262.9317744	265.71414659998845	2	2.662834200018551	None	265.7232642999734	265.7477485000272	265.7477485000272	266.21430240001064	266.7974319999921	r	0.5707629999960773	None																																																																																																																		3	2026-08-10_14h20.05.700	TSRlearn_main-blocks		2025.1.1	60.25167121811713	2026-08-10 14h20.11.687646 +0200	
								1	1	0				3	stimuli/practice_images/cow.jpg	stimuli/practice_images/belt.jpg	None	no	yes	right	right	4	2	0.5	stimuli/practice_images/practice_sequence_overview_t3_02.jpg	0.52	1.89																																																0	1	1	1	0	0	0	0																	266.81408869998995																																																																																																																																													266.80280900001526	266.81408869998995	267.38036640000064	267.32997289998457	267.36818579997635	267.38036640000064	267.38036640000064	268.8959630000172	268.8959630000172	268.88014179997845	268.88353779999306	268.8959630000172	268.8959630000172	269.17984260001685	269.17984260001685	269.12956349999877	269.1622661000001	269.17984260001685	269.17984260001685	270.6953714999836	270.6953714999836	270.6795696999761	270.68306299997494	270.6953714999836	270.6953714999836	270.9460140999872	270.9460140999872	270.9288693999988	270.9289020000142	270.9460140999872	270.9460140999872	274.84464889997616	274.84464889997616	274.827639599971	274.83178299997235	274.84464889997616	274.84464889997616	274.84464889997616	0.00415439996868372	274.84464889997616	278.8439858999918	b	3.8886926000122912	None	278.84847889997764	0.004442500008735806	278.85950159997446	278.85950159997446	278.85950159997446	278.85950159997446	278.85950159997446	281.659118200012	b	3.8886926000122912	0.1681455000070855	281.6624464999768	281.6760789999971	281.6760789999971	282.158723999979	282.40960449998965	y	0.2379363999934867	None																																																																																																																		3	2026-08-10_14h20.05.700	TSRlearn_main-blocks		2025.1.1	60.25167121811713	2026-08-10 14h20.11.687646 +0200	
								2	2	0				3	stimuli/practice_images/belt.jpg	stimuli/practice_images/ant.jpg	None	yes	no	right	up	3	2	0.5	stimuli/practice_images/practice_sequence_overview_t3_03.jpg	0.61	2.15																																																0	2	2	2	0	0	0	0																	282.42520050000167																																																																																																																																													282.4148591000121	282.42520050000167	283.10872229997767	283.02526680001756	283.0750577999861	283.10872229997767	283.10872229997767	284.6250522999908	284.6250522999908	284.591529599973	284.60534359997837	284.6250522999908	284.6250522999908			284.85858940001344	284.9020869000233	284.9242489999742	284.9242489999742	286.4404196999967	286.4404196999967	286.4081925000064	286.42090470000403	286.4404196999967	286.4404196999967			286.67381639999803	286.67387330002384	286.6910075999913	286.6910075999913	290.8730851999717	290.8730851999717	290.8394955000258	290.85490869998466	290.8730851999717	290.8730851999717	290.8730851999717	0.015461399976629764	290.8730851999717	297.2872827000101	b	6.299427199992351	None	297.3053567999741	0.01807580003514886	297.33770989999175	297.33770989999175	297.33770989999175	297.33770989999175	297.33770989999175	298.3869528999785	b	6.299427199992351	0.1541888000210747	298.40027330000885	298.4206025999738	298.4206025999738	298.88717399997404	300.0032811000128	b	1.1131729999906383	None																																																																																																																		3	2026-08-10_14h20.05.700	TSRlearn_main-blocks		2025.1.1	60.25167121811713	2026-08-10 14h20.11.687646 +0200	
																																																																																																																																																																																																																																																																																																															300.0132724000141	300.02004490001127	301.00258480000775	305.4519472999964	b	4.446496499993373	None																																																																																																											3	2026-08-10_14h20.05.700	TSRlearn_main-blocks		2025.1.1	60.25167121811713	2026-08-10 14h20.11.687646 +0200	
stimuli/lamp/lamp_01.jpg	stimuli/key/key_01.jpg	stimuli/bicycle/bicycle_06.jpg	stimuli/bread/bread_29.jpg	right	center	left	right	0	0	0																		sequences/learning_block1_fixed-middle-10_0{participant_ID}.xlsx	sequences/retrieval_block1_fixed-middle-10_0{participant_ID}.xlsx	6	1.0	A	1	1	lamp	key	bicycle	bread	0.53	0.42	2	lamp	1	stimuli/lamp/lamp_01.jpg	key	1	stimuli/key/key_01.jpg	pencil	1	stimuli/pencil/pencil_01.jpg	phone	1	stimuli/phone/phone_01.jpg	14	15	2	3	None																									0	0	0	0	0	0	0	0	0	0	0	0					305.6343146999716																																																																																																																																																																																																																			305.4582966999733	305.45834279997507	305.45854650001274	305.4585842000088	305.6221752000274	305.6343146999716	305.967790100025	306.23895169998286	306.40150350000476	306.40150350000476	306.40150350000476	306.40150350000476	306.40150350000476	306.40150350000476	306.40150350000476	0.2804071999853477	310.9857651999919	None	311.202446100011	311.31658799998695	311.31658799998695	311.31658799998695	311.31658799998695	311.31658799998695	311.31658799998695	312.299751500017	312.3114117999794	312.3329803000088	312.3329803000088	312.83274809998693	312.83274809998693	312.81565190001857																																																																											3	2026-08-10_14h20.05.700	TSRlearn_main-blocks		2025.1.1	60.25167121811713	2026-08-10 14h20.11.687646 +0200	
stimuli/key/key_01.jpg	stimuli/hand/hand_16.jpg	stimuli/flower/flower_17.jpg	stimuli/chair/chair_11.jpg	right	center	left	right	1	1	0																		sequences/learning_block1_fixed-middle-10_0{participant_ID}.xlsx	sequences/retrieval_block1_fixed-middle-10_0{participant_ID}.xlsx	6	1.0	A	1	2	key	hand	flower	chair	0.69	0.53	3	lamp	1	stimuli/lamp/lamp_01.jpg	key	1	stimuli/key/key_01.jpg	pencil	1	stimuli/pencil/pencil_01.jpg	phone	1	stimuli/phone/phone_01.jpg	15	8	6	4	r	1.4127576000173576	None																							0	0	0	0	0	0	0	0	0	1	1	1					312.83274809998693																																																																																																																																																																																																																							312.8228267999948	312.83274809998693	313.31560460000765	313.48730390000856	313.5493006000179	313.5493006000179	313.5493006000179	313.5493006000179	313.5493006000179	313.5493006000179	313.5493006000179	0.17167299997527152	315.03327389998594	r	315.20930889999727	315.24810209998395	315.24810209998395	315.24810209998395	315.24810209998395	315.24810209998395	315.24810209998395	316.2321608000202	316.24149939999916					316.24155239999527	313.5493006000179	1.4127576000173576	None																																																																								3	2026-08-10_14h20.05.700	TSRlearn_main-blocks		2025.1.1	60.25167121811713	2026-08-10 14h20.11.687646 +0200	
stimuli/hand/hand_16.jpg	stimuli/ball/ball_11.jpg	stimuli/dog/dog_49.jpg	stimuli/house/house_35.jpg	center	left	right	center	2	2	0																		sequences/learning_block1_fixed-middle-10_0{participant_ID}.xlsx	sequences/retrieval_block1_fixed-middle-10_0{participant_ID}.xlsx	6	1.0	A	1	3	hand	ball	dog	house	0.8	0.47	4	lamp	1	stimuli/lamp/lamp_01.jpg	key	1	stimuli/key/key_01.jpg	pencil	1	stimuli/pencil/pencil_01.jpg	phone	1	stimuli/phone/phone_01.jpg	8	1	5	9	g	0.6848895000293851	None																							0	0	0	0	0	0	0	0	0	2	2	2					316.264439999999																																																																																																																																																																																																																							316.24864700000035	316.264439999999	316.7484122000169	316.9652293000254	317.0475715000066	317.0475715000066	317.0475715000066	317.0475715000066	317.0475715000066	317.0475715000066	317.0475715000066	0.2237027000519447	317.78178259998094	g	317.9780576999765	318.03084309998667	318.03084309998667	318.03084309998667	318.03084309998667	318.03084309998667	318.03084309998667	319.0148227000027	319.0239618999767					319.0240154999774		0.6848895000293851	None																																																																								3	2026-08-10_14h20.05.700	TSRlearn_main-blocks		2025.1.1	60.25167121811713	2026-08-10 14h20.11.687646 +0200	
stimuli/ball/ball_11.jpg	stimuli/dog/dog_49.jpg	stimuli/jacket/jacket_44.jpg	stimuli/phone/phone_01.jpg	center	left	right	center	3	3	0																		sequences/learning_block1_fixed-middle-10_0{participant_ID}.xlsx	sequences/retrieval_block1_fixed-middle-10_0{participant_ID}.xlsx	6	1.0	A	1	4	ball	dog	jacket	phone	0.75	0.36	5	lamp	1	stimuli/lamp/lamp_01.jpg	key	1	stimuli/key/key_01.jpg	pencil	1	stimuli/pencil/pencil_01.jpg	phone	1	stimuli/phone/phone_01.jpg	1	5	10	17	b	0.829838799952995	None																							0	0	0	0	0	0	0	0	0	3	3	3					319.0469438																																																																																																																																																																																																																							319.0297490999801	319.0469438	319.53089980001096	319.74765919998754	319.8144748000195	319.8144748000195	319.8144748000195	319.8144748000195	319.8144748000195	319.8144748000195	319.8144748000195	0.22369269997579977	320.7140655000112	b	320.91065079998225	320.96290579997003	320.96290579997003	320.96290579997003	320.96290579997003	320.96290579997003	320.96290579997003	321.9468539999798	321.95508939999854					321.9551334999851		0.829838799952995	None																																																																								3	2026-08-10_14h20.05.700	TSRlearn_main-blocks		2025.1.1	60.25167121811713	2026-08-10 14h20.11.687646 +0200	
stimuli/dog/dog_49.jpg	stimuli/flower/flower_17.jpg	stimuli/bread/bread_29.jpg	stimuli/hammer/hammer_16.jpg	left	right	center	left	4	4	0																		sequences/learning_block1_fixed-middle-10_0{participant_ID}.xlsx	sequences/retrieval_block1_fixed-middle-10_0{participant_ID}.xlsx	6	1.0	A	1	5	dog	flower	bread	hammer	0.64	0.53	6	lamp	1	stimuli/lamp/lamp_01.jpg	key	1	stimuli/key/key_01.jpg	pencil	1	stimuli/pencil/pencil_01.jpg	phone	1	stimuli/phone/phone_01.jpg	5	6	3	7	r	1.0180367000284605	None																							0	0	0	0	0	0	0	0	0	4	4	4					321.97914499999024																																																																																																																																																																																																																							321.96057130000554	321.97914499999024	322.4631762999925	322.6084698999766	322.66239720000885	322.66239720000885	322.66239720000885	322.66239720000885	322.66239720000885	322.66239720000885	322.66239720000885	0.15336380002554506	323.76345520000905	r	323.90125749999424	323.94527740002377	323.94527740002377	323.94527740002377	323.94527740002377	323.94527740002377	323.94527740002377	324.9294684000197	324.9380117999972					324.9380599000142		1.0180367000284605	None																																																																								3	2026-08-10_14h20.05.700	TSRlearn_main-blocks		2025.1.1	60.25167121811713	2026-08-10 14h20.11.687646 +0200	
stimuli/flower/flower_17.jpg	stimuli/jacket/jacket_44.jpg	stimuli/chair/chair_11.jpg	stimuli/pencil/pencil_01.jpg	right	center	left	right	5	5	0																		sequences/learning_block1_fixed-middle-10_0{participant_ID}.xlsx	sequences/retrieval_block1_fixed-middle-10_0{participant_ID}.xlsx	6	1.0	A	1	6	flower	jacket	chair	pencil	0.75	0.53	7	lamp	1	stimuli/lamp/lamp_01.jpg	key	1	stimuli/key/key_01.jpg	pencil	1	stimuli/pencil/pencil_01.jpg	phone	1	stimuli/phone/phone_01.jpg	6	10	4	16	b	0.6865671999985352	None																							0	0	0	0	0	0	0	0	0	5	5	5					324.9616709999973																																																																																																																																																																																																																							324.9434697999968	324.9616709999973	325.44551990000764	325.5759251000127	325.62820580002153	325.62820580002153	325.62820580002153	325.62820580002153	325.62820580002153	325.62820580002153	325.62820580002153	0.13790850003715605	326.39570960000856	b	326.5130299999728	326.5445680000121	326.5445680000121	326.5445680000121	326.5445680000121	326.5445680000121	326.5445680000121	327.5287204000051	327.53763500001514					327.537683499977		0.6865671999985352	None																																																																								3	2026-08-10_14h20.05.700	TSRlearn_main-blocks		2025.1.1	60.25167121811713	2026-08-10 14h20.11.687646 +0200	
stimuli/jacket/jacket_44.jpg	stimuli/bicycle/bicycle_06.jpg	stimuli/hand/hand_16.jpg	stimuli/dog/dog_49.jpg	left	right	center	left	6	6	0																		sequences/learning_block1_fixed-middle-10_0{participant_ID}.xlsx	sequences/retrieval_block1_fixed-middle-10_0{participant_ID}.xlsx	6	1.0	A	1	7	jacket	bicycle	hand	dog	0.33	0.2	8	lamp	1	stimuli/lamp/lamp_01.jpg	key	1	stimuli/key/key_01.jpg	pencil	1	stimuli/pencil/pencil_01.jpg	phone	1	stimuli/phone/phone_01.jpg	10	2	8	5	r	1.0680157999740914	None																							0	0	0	0	0	0	0	0	0	6	6	6					327.56077109999023																																																																																																																																																																																																																							327.544173399976	327.56077109999023	328.0450191000127	328.204330699984	328.26062810001895	328.26062810001895	328.26062810001895	328.26062810001895	328.26062810001895	328.26062810001895	328.26062810001895	0.16667349997442216	329.4112439000164	r	329.56769019999774	329.6108717999887	329.6108717999887	329.6108717999887	329.6108717999887	329.6108717999887	329.6108717999887	330.5936915000202	330.60287469998					330.6029244000092		1.0680157999740914	None																																																																								3	2026-08-10_14h20.05.700	TSRlearn_main-blocks		2025.1.1	60.25167121811713	2026-08-10 14h20.11.687646 +0200	
stimuli/bicycle/bicycle_06.jpg	stimuli/chair/chair_11.jpg	stimuli/key/key_01.jpg	stimuli/ball/ball_11.jpg	left	center	right	left	7	7	0																		sequences/learning_block1_fixed-middle-10_0{participant_ID}.xlsx	sequences/retrieval_block1_fixed-middle-10_0{participant_ID}.xlsx	6	1.0	A	1	8	bicycle	chair	key	ball	0.47	0.33	9	lamp	1	stimuli/lamp/lamp_01.jpg	key	1	stimuli/key/key_01.jpg	pencil	1	stimuli/pencil/pencil_01.jpg	phone	1	stimuli/phone/phone_01.jpg	2	4	15	1	b	0.6909598999773152	None																							0	0	0	0	0	0	0	0	0	7	7	7					330.62719099997776																																																																																																																																																																																																																							330.6089208999765	330.62719099997776	331.11002399999416	331.3300172999734	331.4935848999885	331.4935848999885	331.4935848999885	331.4935848999885	331.4935848999885	331.4935848999885	331.4935848999885	0.22715570003492758	332.16004460002296	b	332.3477822000277	332.42728429997806	332.42728429997806	332.42728429997806	332.42728429997806	332.42728429997806	332.42728429997806	333.40932089998387	333.4192308000056					333.4192807999789		0.6909598999773152	None																																																																								3	2026-08-10_14h20.05.700	TSRlearn_main-blocks		2025.1.1	60.25167121811713	2026-08-10 14h20.11.687646 +0200	
stimuli/chair/chair_11.jpg	stimuli/bread/bread_29.jpg	stimuli/lamp/lamp_01.jpg	stimuli/flower/flower_17.jpg	right	left	center	right	8	8	0																		sequences/learning_block1_fixed-middle-10_0{participant_ID}.xlsx	sequences/retrieval_block1_fixed-middle-10_0{participant_ID}.xlsx	6	1.0	A	1	9	chair	bread	lamp	flower	0.6	0.27	10	lamp	1	stimuli/lamp/lamp_01.jpg	key	1	stimuli/key/key_01.jpg	pencil	1	stimuli/pencil/pencil_01.jpg	phone	1	stimuli/phone/phone_01.jpg	4	3	14	6	r	0.4997416000114754	None																							0	0	0	0	0	0	0	0	0	8	8	8					333.44284700002754																																																																																																																																																																																																																							333.42510769999353	333.44284700002754	333.9255485999747	334.09139469999354	334.14294879999943	334.14294879999943	334.14294879999943	334.14294879999943	334.14294879999943	334.14294879999943	334.14294879999943	0.17217530001653358	334.7265035000164	r	334.88945700001204	334.9251634000102	334.9251634000102	334.9251634000102	334.9251634000102	334.9251634000102	334.9251634000102	335.9091956000193	335.91790699999547					335.91795590001857		0.4997416000114754	None																																																																								3	2026-08-10_14h20.05.700	TSRlearn_main-blocks		2025.1.1	60.25167121811713	2026-08-10 14h20.11.687646 +0200	
stimuli/bread/bread_29.jpg	stimuli/house/house_35.jpg	stimuli/ball/ball_11.jpg	stimuli/bicycle/bicycle_06.jpg	left	center	right	left	9	9	0																		sequences/learning_block1_fixed-middle-10_0{participant_ID}.xlsx	sequences/retrieval_block1_fixed-middle-10_0{participant_ID}.xlsx	6	1.0	A	1	10	bread	house	ball	bicycle	0.47	0.2	11	lamp	1	stimuli/lamp/lamp_01.jpg	key	1	stimuli/key/key_01.jpg	pencil	1	stimuli/pencil/pencil_01.jpg	phone	1	stimuli/phone/phone_01.jpg	3	9	1	2	g	0.669995000003837	None																							0	0	0	0	0	0	0	0	0	9	9	9					335.9415162000223																																																																																																																																																																																																																							335.92331599997124	335.9415162000223	336.42541989998426	336.594878599979	336.6414869999862	336.6414869999862	336.6414869999862	336.6414869999862	336.6414869999862	336.6414869999862	336.6414869999862	0.17695689998799935	337.40904900000896	g	337.57079849997535	337.6075692999875	337.6075692999875	337.6075692999875	337.6075692999875	337.6075692999875	337.6075692999875	338.5917434999719	338.6010649999953					338.6011121000047		0.669995000003837	None																																																																								3	2026-08-10_14h20.05.700	TSRlearn_main-blocks		2025.1.1	60.25167121811713	2026-08-10 14h20.11.687646 +0200	
stimuli/house/house_35.jpg	stimuli/hammer/hammer_16.jpg	stimuli/key/key_01.jpg	stimuli/dog/dog_49.jpg	center	right	left	center	10	10	0																		sequences/learning_block1_fixed-middle-10_0{participant_ID}.xlsx	sequences/retrieval_block1_fixed-middle-10_0{participant_ID}.xlsx	6	1.0	A	1	11	house	hammer	key	dog	0.67	0.47	12	lamp	1	stimuli/lamp/lamp_01.jpg	key	1	stimuli/key/key_01.jpg	pencil	1	stimuli/pencil/pencil_01.jpg	phone	1	stimuli/phone/phone_01.jpg	9	7	15	5	None																									0	0	0	0	0	0	0	0	0	10	10	10					338.62401460000547																																																																																																																																																																																																																							338.6068965999875	338.62401460000547	339.10814049997134	339.2994379000156	339.35712060000515	339.35712060000515	339.35712060000515	339.35712060000515	339.35712060000515	339.35712060000515	339.35712060000515	0.19835010002134368	344.12509480002336	None	344.303002599976	344.35619510000106	344.35619510000106	344.35619510000106	344.35619510000106	344.35619510000106	344.35619510000106	345.3405358999735	345.34929540002486	345.37255179998465	345.37255179998465	345.87228579999646	345.87228579999646	345.8552943000104																																																																											3	2026-08-10_14h20.05.700	TSRlearn_main-blocks		2025.1.1	60.25167121811713	2026-08-10 14h20.11.687646 +0200	
stimuli/hammer/hammer_16.jpg	stimuli/pencil/pencil_01.jpg	stimuli/lamp/lamp_01.jpg	stimuli/jacket/jacket_44.jpg	center	right	left	center	11	11	0																		sequences/learning_block1_fixed-middle-10_0{participant_ID}.xlsx	sequences/retrieval_block1_fixed-middle-10_0{participant_ID}.xlsx	6	1.0	A	1	12	hammer	pencil	lamp	jacket	0.8	0.4	13	lamp	1	stimuli/lamp/lamp_01.jpg	key	1	stimuli/key/key_01.jpg	pencil	1	stimuli/pencil/pencil_01.jpg	phone	1	stimuli/phone/phone_01.jpg	7	16	14	10	None																									0	0	0	0	0	0	0	0	0	11	11	11					345.87228579999646																																																																																																																																																																																																																							345.86213939997833	345.87228579999646	346.3552481000079	346.5120666999719	346.5722710000118	346.5722710000118	346.5722710000118	346.5722710000118	346.5722710000118	346.5722710000118	346.5722710000118	0.1567833999870345	351.3734604999772	None	351.5685450999881	351.6207652000012	351.6207652000012	351.6207652000012	351.6207652000012	351.6207652000012	351.6207652000012	352.60368499998003	352.61533699999563	352.63686400000006	352.63686400000006	353.1367752000224	353.1367752000224	353.1199235999957	346.5722710000118																																																																										3	2026-08-10_14h20.05.700	TSRlearn_main-blocks		2025.1.1	60.25167121811713	2026-08-10 14h20.11.687646 +0200	
stimuli/pencil/pencil_01.jpg	stimuli/phone/phone_01.jpg	stimuli/hand/hand_16.jpg	stimuli/bread/bread_29.jpg	left	center	right	left	12	12	0																		sequences/learning_block1_fixed-middle-10_0{participant_ID}.xlsx	sequences/retrieval_block1_fixed-middle-10_0{participant_ID}.xlsx	6	1.0	A	1	13	pencil	phone	hand	bread	0.73	0.27	14	lamp	1	stimuli/lamp/lamp_01.jpg	key	1	stimuli/key/key_01.jpg	pencil	1	stimuli/pencil/pencil_01.jpg	phone	1	stimuli/phone/phone_01.jpg	16	17	8	3	None																									0	0	0	0	0	0	0	0	0	12	12	12					353.1367752000224																																																																																																																																																																																																																							353.1278157000197	353.1367752000224	353.6203123999876	353.74775440001395	353.80335960001685	353.80335960001685	353.80335960001685	353.80335960001685	353.80335960001685	353.80335960001685	353.80335960001685	0.12781979999272153	358.63844070001505	None	358.77510720002465	358.81802579999203	358.81802579999203	358.81802579999203	358.81802579999203	358.81802579999203	358.81802579999203	359.8018519000034	359.8139615000109	359.8342662000214	359.8342662000214	360.33382870000787	360.33382870000787	360.31814599997597	353.80335960001685																																																																										3	2026-08-10_14h20.05.700	TSRlearn_main-blocks		2025.1.1	60.25167121811713	2026-08-10 14h20.11.687646 +0200	
								0	0	0				1	stimuli/bread/bread_29.jpg	stimuli/dog/dog_49.jpg	None	no	yes	left	left	5	1.2	0.2		0.32	2.11	sequences/learning_block1_fixed-middle-10_0{participant_ID}.xlsx	sequences/retrieval_block1_fixed-middle-10_0{participant_ID}.xlsx	6	block1	A	1																												0	0	0	1	A	3	5	None	None	None													0	0	0	0	0	0	0	0					0	0	0	0	366.6152103000204																																																																																																																																																																																																																																																						360.3282155999914	360.33382870000787	365.3322369999951	365.31659519998357	365.3215550999739	365.3322369999951	365.3322369999951	366.6152103000204	366.6152103000204	366.3163264999748	None	366.3164643999771	366.3165067000082	366.60339750000276	366.6152103000204	366.9985469999956	366.940068099997	366.9836295999703	366.9985469999956	367.99890359997516	367.98307269997895	367.98314329999266	367.99890359997516	368.33206480002264	368.2316625000094	368.3034230999765	368.33206480002264	369.34769670001697	369.331911700021	369.3319688999909	369.34769670001697	369.5982679000008	369.58114550000755	369.5811989000067	369.5982679000008	371.747046399978	371.6978940999834	371.71493159997044	371.747046399978	371.747046399978	371.747046399978	371.747046399978	371.747046399978	374.71611109998776	None	374.71882960002404	374.7299471999868	375.2464657999808	375.21270289999666	375.2164218000253	375.2464657999808	375.2464657999808	375.2464657999808	375.2464657999808	375.2464657999808	375.7130136999767	378.2616651999997	378.2616651999997	378.2616651999997	378.2616651999997	378.2616651999997	378.72812430001795	378.71591339999577	None	378.7192285999772	378.72812430001795	379.22880059998715	379.2117832999793				3	2026-08-10_14h20.05.700	TSRlearn_main-blocks		2025.1.1	60.25167121811713	2026-08-10 14h20.11.687646 +0200	
								1	1	0				1	stimuli/flower/flower_17.jpg	stimuli/hand/hand_16.jpg	None	yes	no	right	right	3	1.2	0.2		0.26	1.82	sequences/learning_block1_fixed-middle-10_0{participant_ID}.xlsx	sequences/retrieval_block1_fixed-middle-10_0{participant_ID}.xlsx	6	block1	A	1																												0	1	0	1	A	6	8	None	None	None													0	0	0	0	0	0	0	0					0	1	1	1	379.22880059998715																																																																																																																																																																																																																																																																			379.21232729998883	379.22880059998715	379.5619989000261	379.47960909997346	379.5422153000254	379.5619989000261	380.5777369000134	380.56212840002263	380.5622123000212	380.5777369000134	380.8780705999816	380.81121120002354	380.8539445999777	380.8780705999816	381.8778061000048	381.86119369999506	381.861262099992	381.8778061000048	382.12764329998754	382.1109141000197	382.11098110000603	382.12764329998754	383.9938486000174	383.94396619999316	383.9601702999789	383.9938486000174	383.9938486000174	383.9938486000174	383.9938486000174	383.9938486000174	386.9633483000216	None	386.96652219997486	386.97546510002576	387.4920757000218	387.4595765999984	387.46480459999293	387.4920757000218	387.4920757000218	387.4920757000218	387.4920757000218	387.4920757000218	387.9584688000032	390.49102720001247	390.49102720001247	390.49102720001247	390.49102720001247	390.49102720001247	390.95756150002126	390.94561039999826	None	390.9492492999998	390.95756150002126	391.4578527000267	391.4416351999971				3	2026-08-10_14h20.05.700	TSRlearn_main-blocks		2025.1.1	60.25167121811713	2026-08-10 14h20.11.687646 +0200	
								2	2	0				1	stimuli/bicycle/bicycle_06.jpg	stimuli/hammer/hammer_16.jpg	None	no	yes	right	right	4	1.2	0.2		0.73	2.2	sequences/learning_block1_fixed-middle-10_0{participant_ID}.xlsx	sequences/retrieval_block1_fixed-middle-10_0{participant_ID}.xlsx	6	block1	A	1																												0	2	1	1	A	2	7	None	None	None													0	0	0	0	0	0	0	0					0	2	2	2	391.4578527000267																																																																																																																																																																																																																																																																			391.4424093000125	391.4578527000267	392.20718039997155	392.1750834999839	392.19821320002666	392.20718039997155	393.20698790001916	393.19129049999174	393.19138340000063	393.20698790001916	393.4740324000013	393.4404595000087	393.4596125999815	393.4740324000013	394.4739356000209	394.4568869000068	394.4569587999722	394.4739356000209		394.7076043999987	394.7077291000169	394.7232041999814	396.95579209999414	396.9068236000021	396.921899900015	396.95579209999414	396.95579209999414	396.95579209999414	396.95579209999414	396.95579209999414	399.9753548000008	None	399.9789672999759	399.98804520000704	400.50447510002414	400.47199430002365	400.4756354999845	400.50447510002414	400.50447510002414	400.50447510002414	400.50447510002414	400.50447510002414	400.97135890001664	403.5042313999729	403.5042313999729	403.5042313999729	403.5042313999729	403.5042313999729	403.9867425999837	403.9734518000041	None	403.9766126999748	403.9867425999837	404.48665500001516	404.4709028999787	399.98804520000704	399.98804520000704	399.98804520000704	3	2026-08-10_14h20.05.700	TSRlearn_main-blocks		2025.1.1	60.25167121811713	2026-08-10 14h20.11.687646 +0200	
								3	3	0				1	stimuli/jacket/jacket_44.jpg	stimuli/chair/chair_11.jpg	None	yes	no	left	left	2	1.2	0.2		0.43	1.76	sequences/learning_block1_fixed-middle-10_0{participant_ID}.xlsx	sequences/retrieval_block1_fixed-middle-10_0{participant_ID}.xlsx	6	block1	A	1																												0	3	1	1	A	10	4	None	None	None													0	0	0	0	0	0	0	0					0	3	3	3	404.48665500001516																																																																																																																																																																																																																																																																			404.4716901999782	404.48665500001516	405.0030638999888	404.90406570001505	404.9574850000208	405.0030638999888	406.00351439998485	405.9871771999751	405.98724180000136	406.00351439998485	406.26996810000855	406.23631509998813	406.25302720000036	406.26996810000855	407.26970469998196	407.252682499995	407.25275430001784	407.26970469998196		407.50304280000273	407.50313049997203	407.51900620001834	409.3185320000048	409.26957850001054	409.2844118999783	409.3185320000048	409.3185320000048	409.3185320000048	409.3185320000048	409.3185320000048	412.28758740000194	None	412.29170579998754	412.30142540001543	412.81799499999033	412.7842894999776	412.7884508999996	412.81799499999033	412.81799499999033	412.81799499999033	412.81799499999033	412.81799499999033	413.28452410001773	415.8329784999951	415.8329784999951	415.8329784999951	415.8329784999951	415.8329784999951	416.2995874999906	416.2862262999988	None	416.28923439997016	416.2995874999906	416.7995904000127	416.7841161999968				3	2026-08-10_14h20.05.700	TSRlearn_main-blocks		2025.1.1	60.25167121811713	2026-08-10 14h20.11.687646 +0200	
								4	4	0				1	stimuli/bicycle/bicycle_06.jpg	stimuli/ball/ball_11.jpg	None	no	yes	left	left	4	1.2	0.2		0.45	1.95	sequences/learning_block1_fixed-middle-10_0{participant_ID}.xlsx	sequences/retrieval_block1_fixed-middle-10_0{participant_ID}.xlsx	6	block1	A	1																												1	4	0	1	A	2	1	None	None	None													0	0	0	0	0	0	0	0					0	4	4	4	416.7995904000127																																																																																																																																																																																																																																																																			416.78504589997465	416.7995904000127	417.26648380002007	417.23284060001606	417.25264530000277	417.26648380002007	418.2668243999942	418.2491350999917	418.2491975000012	418.2668243999942		418.4995493000024	418.58158220001496	418.6321584000252	419.6320739000221	419.61611190001713	419.61618890002137	419.6320739000221	419.88231409998843	419.8654490999761	419.8655078000156	419.88231409998843	421.8646418999997	421.81565060000867	421.8332196000265	421.8646418999997	421.8646418999997	421.8646418999997	421.8646418999997	421.8646418999997	424.8330586000229	None	424.8362936999765	424.84742689999985	425.3639726000256	425.3304553999915	425.3356734000263	425.3639726000256	425.3639726000256	425.3639726000256	425.3639726000256	425.3639726000256	425.8305065999739	428.379411300004	428.379411300004	428.379411300004	428.379411300004	428.379411300004	428.84551329998067	428.8331362999743	None	428.83716679998906	428.84551329998067	429.34539819997735	429.3297798000276				3	2026-08-10_14h20.05.700	TSRlearn_main-blocks		2025.1.1	60.25167121811713	2026-08-10 14h20.11.687646 +0200	
								5	5	0				1	stimuli/house/house_35.jpg	stimuli/flower/flower_17.jpg	None	yes	no	right	right	5	1.2	0.2		0.64	2.15	sequences/learning_block1_fixed-middle-10_0{participant_ID}.xlsx	sequences/retrieval_block1_fixed-middle-10_0{participant_ID}.xlsx	6	block1	A	1																												1	5	0	1	A	9	6	None	None	None													0	0	0	0	0	0	0	0					0	5	5	5	429.34539819997735																																																																																																																																																																																																																																																																			429.330403800006	429.34539819997735	430.04576670000097	429.978866200021	430.02963180001825	430.04576670000097	431.0457451000111	431.0285499999882	431.02862980001373	431.0457451000111		431.2789407999953	431.3220378999831	431.34481679997407	432.344699600013	432.3287245000247	432.32879370002775	432.344699600013	432.5951082999818	432.57848740002373	432.57855590002146	432.5951082999818	434.7771664999891	434.72807279997505	434.74378840002464	434.7771664999891	434.7771664999891	434.7771664999891	434.7771664999891	434.7771664999891	437.74689650000073	None	437.7510866000084	437.7601987000089	438.2766097999993	438.2429405999719	438.2469980000169	438.2766097999993	438.2766097999993	438.2766097999993	438.2766097999993	438.2766097999993	438.74314129998675	441.29164599999785	441.29164599999785	441.29164599999785	441.29164599999785	441.29164599999785	441.7422153999796	441.7315892999759	None	441.736083100026	441.7422153999796	442.24208799999906	442.22523250000086				3	2026-08-10_14h20.05.700	TSRlearn_main-blocks		2025.1.1	60.25167121811713	2026-08-10 14h20.11.687646 +0200	
								6	6	0				1	stimuli/dog/dog_49.jpg	stimuli/jacket/jacket_44.jpg	None	no	yes	right	right	2	1.2	0.2		0.28	1.95	sequences/learning_block1_fixed-middle-10_0{participant_ID}.xlsx	sequences/retrieval_block1_fixed-middle-10_0{participant_ID}.xlsx	6	block1	A	1																												1	6	1	1	A	5	10	None	None	None													0	0	0	0	0	0	0	0					0	6	6	6	442.24208799999906																																																																																																																																																																																																																																																																			442.22622319997754	442.24208799999906	442.6079415999702	442.5092808000045	442.5792550999904	442.6079415999702	443.60822019999614	443.5919650999713	443.5920524999965	443.60822019999614	443.9415292000049	443.8412415999919	443.8998276999919	443.9415292000049	444.95717860001605	444.94436780002434	444.94446319999406	444.95717860001605	445.2077456000261	445.19086119998246	445.19091950001894	445.2077456000261	447.1731261999812	447.1406281000236	447.15418579999823	447.1731261999812	447.1731261999812	447.1731261999812	447.1731261999812	447.1731261999812	450.1592469000025	None	450.16337989998283	450.17281969997566	450.6917179999873	450.65574050002033	450.6599492999958	450.6917179999873	450.6917179999873	450.6917179999873	450.6917179999873	450.6917179999873	451.1560199999949	453.70463069999823	453.70463069999823	453.70463069999823	453.70463069999823	453.70463069999823	454.17090229998576	454.1594623000128	None	454.16414100001566	454.17090229998576	454.67096000001766	454.65529470000183	450.17281969997566	450.17281969997566	450.17281969997566	3	2026-08-10_14h20.05.700	TSRlearn_main-blocks		2025.1.1	60.25167121811713	2026-08-10 14h20.11.687646 +0200	
								7	7	0				1	stimuli/hammer/hammer_16.jpg	stimuli/chair/chair_11.jpg	None	no	yes	left	left	3	1.2	0.2		0.42	1.97	sequences/learning_block1_fixed-middle-10_0{participant_ID}.xlsx	sequences/retrieval_block1_fixed-middle-10_0{participant_ID}.xlsx	6	block1	A	1																												1	7	0	1	A	7	4	None	None	None													0	0	0	0	0	0	0	0					0	7	7	7	454.67096000001766																																																																																																																																																																																																																																																																			454.6561080000247	454.67096000001766	455.1373166000121	455.0886384000187	455.1184900000226	455.1373166000121	456.1375412999769	456.1214479000191	456.1215248000226	456.1375412999769	456.4041732000187	456.3705285000033	456.39122330001555	456.4041732000187	457.4046695000143	457.38701589999255	457.38708339998266	457.4046695000143		457.6374358999892	457.63756930001546	457.65318199998	459.65316919999896	459.61952010000823	459.63421669998206	459.65316919999896	459.65316919999896	459.65316919999896	459.65316919999896	459.65316919999896	462.6386187999742	None	462.6422255000216	462.65223489998607	463.1687731000129	463.1351366000017	463.13976900000125	463.1687731000129	463.1687731000129	463.1687731000129	463.1687731000129	463.1687731000129	463.6354002999724	466.1838514999836	466.1838514999836	466.1838514999836	466.1838514999836	466.1838514999836	466.6503040000098	466.6375262999791	None	466.6406898999703	466.6503040000098	467.15039750002325	467.1346833999851				3	2026-08-10_14h20.05.700	TSRlearn_main-blocks		2025.1.1	60.25167121811713	2026-08-10 14h20.11.687646 +0200	
								8	8	0				1	stimuli/dog/dog_49.jpg	stimuli/hand/hand_16.jpg	None	yes	no	right	right	2	1.2	0.2		0.4	1.89	sequences/learning_block1_fixed-middle-10_0{participant_ID}.xlsx	sequences/retrieval_block1_fixed-middle-10_0{participant_ID}.xlsx	6	block1	A	1																												2	8	0	1	A	5	8	None	None	None													0	0	0	0	0	0	0	0					0	8	8	8	467.15039750002325																																																																																																																																																																																																																																																																			467.13525110000046	467.15039750002325	467.6166272999835	467.5343853000086	467.5976623999886	467.6166272999835	468.61711849999847	468.6006000000052	468.60067549999803	468.61711849999847	468.9001226000255	468.8499030999956	468.8831001999788	468.9001226000255	469.9001188999973	469.8830440000165	469.8831041000085	469.9001188999973		470.1332032000064	470.13332600001013	470.14924070000416	472.082067499985	472.0333687000093	472.0487412000075	472.082067499985	472.082067499985	472.082067499985	472.082067499985	472.082067499985	475.05085120000876	None	475.0540775000118	475.0649422000279	475.5815334999934	475.5476959000225	475.55144730000757	475.5815334999934	475.5815334999934	475.5815334999934	475.5815334999934	475.5815334999934	476.0480760000064	478.59652449999703	478.59652449999703	478.59652449999703	478.59652449999703	478.59652449999703	479.0631057000137	479.05031750001945	None	479.05334980000043	479.0631057000137	479.56306030001724	479.54745259997435				3	2026-08-10_14h20.05.700	TSRlearn_main-blocks		2025.1.1	60.25167121811713	2026-08-10 14h20.11.687646 +0200	
								9	9	0				1	stimuli/flower/flower_17.jpg	stimuli/bread/bread_29.jpg	None	yes	no	left	left	4	1.2	0.2		0.6	1.76	sequences/learning_block1_fixed-middle-10_0{participant_ID}.xlsx	sequences/retrieval_block1_fixed-middle-10_0{participant_ID}.xlsx	6	block1	A	1																												2	9	1	1	A	6	3	None	None	None													0	0	0	0	0	0	0	0					0	9	9	9	479.56306030001724																																																																																																																																																																																																																																																																			479.54802649997873	479.56306030001724	480.19598090002546	480.14714529999765	480.17948479996994	480.19598090002546	481.19630720000714	481.1800094000064	481.18007910001324	481.19630720000714	481.47961460001534	481.4292250999715	481.46919279999565	481.47961460001534	482.47929240000667	482.4622756000026	482.462332599971	482.47929240000667		482.712795200001	482.71287290001055	482.72861900000134	484.51122520002536	484.4792690000031	484.49331330001587	484.51122520002536	484.51122520002536	484.51122520002536	484.51122520002536	484.51122520002536	487.4975706000114	None	487.50064669997664	487.5103728999966	488.02704070002073	487.9946094999905	487.9986967999721	488.02704070002073	488.02704070002073	488.02704070002073	488.02704070002073	488.02704070002073	488.49341170000844	491.02599130000453	491.02599130000453	491.02599130000453	491.02599130000453	491.02599130000453	491.49246829998447	491.47958579997066	None	491.48258220002754	491.49246829998447	491.99231519998284	491.97660529997665	487.5103728999966	487.5103728999966	487.5103728999966	3	2026-08-10_14h20.05.700	TSRlearn_main-blocks		2025.1.1	60.25167121811713	2026-08-10 14h20.11.687646 +0200	
								10	10	0				1	stimuli/bicycle/bicycle_06.jpg	stimuli/house/house_35.jpg	None	no	yes	right	right	3	1.2	0.2		0.65	1.84	sequences/learning_block1_fixed-middle-10_0{participant_ID}.xlsx	sequences/retrieval_block1_fixed-middle-10_0{participant_ID}.xlsx	6	block1	A	1																												2	10	1	1	A	2	9	None	None	None													0	0	0	0	0	0	0	0					0	10	10	10	491.99231519998284																																																																																																																																																																																																																																																																			491.9773607000243	491.99231519998284	492.6593362999847	492.62615269998787	492.6474742999999	492.6593362999847	493.6592208999791	493.6421869000187	493.6422526999959	493.6592208999791		493.89262350002537	493.93836430000374	493.95848179998575	494.95805959997233	494.94239629997173	494.9424781000125	494.95805959997233	495.20872529997723	495.1918818000122	495.1919401999912	495.20872529997723	497.09074299997883	497.042017699976	497.0578519999981	497.09074299997883	497.09074299997883	497.09074299997883	497.09074299997883	497.09074299997883	500.06014080002205	None	500.06468559999485	500.0738975999993	500.5902727000066	500.55674939998426	500.5614895999897	500.5902727000066	500.5902727000066	500.5902727000066	500.5902727000066	500.5902727000066	501.05695609998656	503.6053214999847	503.6053214999847	503.6053214999847	503.6053214999847	503.6053214999847	504.08870810002554	504.06741830002284	None	504.0711589999846	504.08870810002554	504.5885840000119	504.5729836000246				3	2026-08-10_14h20.05.700	TSRlearn_main-blocks		2025.1.1	60.25167121811713	2026-08-10 14h20.11.687646 +0200	
								11	11	0				1	stimuli/jacket/jacket_44.jpg	stimuli/hammer/hammer_16.jpg	None	yes	no	left	left	5	1.2	0.2		0.59	2.22	sequences/learning_block1_fixed-middle-10_0{participant_ID}.xlsx	sequences/retrieval_block1_fixed-middle-10_0{participant_ID}.xlsx	6	block1	A	1																												2	11	1	1	A	10	7	None	None	None													0	0	0	0	0	0	0	0					0	11	11	11	504.5885840000119																																																																																																																																																																																																																																																																			504.5736502999789	504.5885840000119	505.28829709999263	505.17266869999	505.24444039998343	505.28829709999263	506.2878480000072	506.27232410002034	506.2724015999702	506.2878480000072	506.55512799997814	506.5217534999829	506.5426260000095	506.55512799997814	507.55500609998126	507.537987800024	507.5380516999867	507.55500609998126		507.7886692999746	507.7888220999739	507.80440590000944	510.05330059997505	510.02085989998886	510.0339332000003	510.05330059997505	510.05330059997505	510.05330059997505	510.05330059997505	510.05330059997505	513.038367000001	None	513.0414274000213	513.0530799999833	513.5693865999929	513.5357605000027	513.5399072999717	513.5693865999929	513.5693865999929	513.5693865999929	513.5693865999929	513.5693865999929	514.0360531000188	516.5845862000133	516.5845862000133	516.5845862000133	516.5845862000133	516.5845862000133	517.0509853999829	517.0382183999754	None	517.0413483000011	517.0509853999829	517.5552731999778	517.5353170000017	513.0530799999833	513.0530799999833	513.0530799999833	3	2026-08-10_14h20.05.700	TSRlearn_main-blocks		2025.1.1	60.25167121811713	2026-08-10 14h20.11.687646 +0200	
								12	12	0				1	stimuli/flower/flower_17.jpg	stimuli/ball/ball_11.jpg	None	no	yes	left	left	2	1.2	0.2		0.36	2.19	sequences/learning_block1_fixed-middle-10_0{participant_ID}.xlsx	sequences/retrieval_block1_fixed-middle-10_0{participant_ID}.xlsx	6	block1	A	1																												3	12	0	1	A	6	1	None	None	None													0	0	0	0	0	0	0	0					0	12	12	12	517.5552731999778																																																																																																																																																																																																																																																																			517.5362369000213	517.5552731999778	517.9674147000187	517.9016828999738	517.9416805999936	517.9674147000187	518.9678771999897	518.9515230000252	518.9515948999906	518.9678771999897	519.3510302000213	519.2007027000072	519.3014542000019	519.3510302000213	520.3666961999843	520.3515088999993	520.3515745999757	520.3666961999843	520.6174675999791	520.601277299982	520.6013458999805	520.6174675999791	522.8331375999842	522.7995098999818	522.8132867999957	522.8331375999842	522.8331375999842	522.8331375999842	522.8331375999842	522.8331375999842	525.8180971000111	None	525.8213340999791	525.8321825999883	526.3488414000021	526.3150798000279	526.3199427999789	526.3488414000021	526.3488414000021	526.3488414000021	526.3488414000021	526.3488414000021	526.8153043999919	529.3637908999808	529.3637908999808	529.3637908999808	529.3637908999808	529.3637908999808	529.8304367000237	529.8184034000151	None	529.8217530000256	529.8304367000237	530.3302770999726	530.3144884000067				3	2026-08-10_14h20.05.700	TSRlearn_main-blocks		2025.1.1	60.25167121811713	2026-08-10 14h20.11.687646 +0200	
								13	13	0				1	stimuli/jacket/jacket_44.jpg	stimuli/bread/bread_29.jpg	None	yes	no	left	left	3	1.2	0.2		0.43	2.23	sequences/learning_block1_fixed-middle-10_0{participant_ID}.xlsx	sequences/retrieval_block1_fixed-middle-10_0{participant_ID}.xlsx	6	block1	A	1																												3	13	1	1	A	10	3	None	None	None													0	0	0	0	0	0	0	0					0	13	13	13	530.3302770999726																																																																																																																																																																																																																																																																			530.3153359999997	530.3302770999726	530.8134111000109	530.7479316000245	530.7973426000099	530.8134111000109	531.8138705000165	531.797353699978	531.797403900011	531.8138705000165	532.0970673999982	532.0467456000042	532.079343600024	532.0970673999982	533.1126657000277	533.0970421999809	533.0971293000039	533.1126657000277	533.363323299971	533.3464583000168	533.3465050000232	533.363323299971	535.6125573000172	535.5788962999941	535.5934239000198	535.6125573000172	535.6125573000172	535.6125573000172	535.6125573000172	535.6125573000172	538.5990258000093	None	538.603578499984	538.6109738000087	539.1274639000185	539.0951864999952	539.0997534000198	539.1274639000185	539.1274639000185	539.1274639000185	539.1274639000185	539.1274639000185	539.6106818999979	542.1272254000069	542.1272254000069	542.1272254000069	542.1272254000069	542.1272254000069	542.6096967000049	542.5974823000142	None	542.6013474999927	542.6096967000049	543.1095753000118	543.0942136999802	538.6109738000087	538.6109738000087	538.6109738000087	3	2026-08-10_14h20.05.700	TSRlearn_main-blocks		2025.1.1	60.25167121811713	2026-08-10 14h20.11.687646 +0200	
								14	14	0				1	stimuli/hand/hand_16.jpg	stimuli/bicycle/bicycle_06.jpg	None	no	yes	right	right	5	1.2	0.2		0.68	1.8	sequences/learning_block1_fixed-middle-10_0{participant_ID}.xlsx	sequences/retrieval_block1_fixed-middle-10_0{participant_ID}.xlsx	6	block1	A	1																												3	14	1	1	A	8	2	None	None	None													0	0	0	0	0	0	0	0					0	14	14	14	543.1095753000118																																																																																																																																																																																																																																																																			543.0949116999982	543.1095753000118	543.8266670000157	543.7763892000075	543.8141155000194	543.8266670000157	544.8278384999721	544.8096916999784	544.809805100027	544.8278384999721		545.0599739999743	545.0876722999965	545.1090666999808	546.1087686999817	546.0931118999724	546.093189999985	546.1087686999817	546.3591802999726	546.342186200025	546.3422285999986	546.3591802999726	548.208191999991	548.1592576000257	548.1754670999944	548.208191999991	548.208191999991	548.208191999991	548.208191999991	548.208191999991	551.1771655000048	None	551.1814984999946	551.1910416000173	551.7076264999923	551.6739347000257	551.6793070000131	551.7076264999923	551.7076264999923	551.7076264999923	551.7076264999923	551.7076264999923	552.1739420000231	554.7228515999741	554.7228515999741	554.7228515999741	554.7228515999741	554.7228515999741	555.1890360999969	555.1762193000177	None	555.179612500011	555.1890360999969	555.6891946999822	555.6736520000268				3	2026-08-10_14h20.05.700	TSRlearn_main-blocks		2025.1.1	60.25167121811713	2026-08-10 14h20.11.687646 +0200	
								15	15	0				1	stimuli/chair/chair_11.jpg	stimuli/dog/dog_49.jpg	None	no	yes	left	left	4	1.2	0.2		0.25	2.24	sequences/learning_block1_fixed-middle-10_0{participant_ID}.xlsx	sequences/retrieval_block1_fixed-middle-10_0{participant_ID}.xlsx	6	block1	A	1																												3	15	0	1	A	4	5	None	None	None													0	0	0	0	0	0	0	0					0	15	15	15	555.6891946999822																																																																																																																																																																																																																																																																			555.674462200026	555.6891946999822	555.9561457000091	555.9225490000099	555.9435892999754	555.9561457000091	556.9559443999897	556.9393942999886	556.9394618999795	556.9559443999897	557.2718713000068	557.1894695999799	557.2475303999963	557.2718713000068	558.2714776999783	558.2590487999842	558.2591367000132	558.2714776999783	558.5221780000138	558.5052001000149	558.5052489999798	558.5221780000138	560.7873208000092	560.7551788000274	560.7700862999773	560.7873208000092	560.7873208000092	560.7873208000092	560.7873208000092	560.7873208000092	563.7748912000097	None	563.7793990999926	563.7864114000113	564.3031014999724	564.270906699996	564.2775766000268	564.3031014999724	564.3031014999724	564.3031014999724	564.3031014999724	564.3031014999724	564.7696736999787	567.3020579000004	567.3020579000004	567.3020579000004	567.3020579000004	567.3020579000004	567.7684747999883	567.7559473000001	None	567.7592666000128	567.7684747999883	568.2683339000214	568.2528509999975	563.7864114000113	563.7864114000113	563.7864114000113	3	2026-08-10_14h20.05.700	TSRlearn_main-blocks		2025.1.1	60.25167121811713	2026-08-10 14h20.11.687646 +0200	
								16	16	0				1	stimuli/bread/bread_29.jpg	stimuli/hammer/hammer_16.jpg	None	no	yes	right	right	2	1.2	0.2		0.74	1.93	sequences/learning_block1_fixed-middle-10_0{participant_ID}.xlsx	sequences/retrieval_block1_fixed-middle-10_0{participant_ID}.xlsx	6	block1	A	1																												4	16	1	1	A	3	7	None	None	None													0	0	0	0	0	0	0	0					0	16	16	16	568.2683339000214																																																																																																																																																																																																																																																																			568.2537378999987	568.2683339000214	569.0520156000275	569.001945200027	569.0386146000237	569.0520156000275	570.0518411999801	570.0350804000045	570.0351666000206	570.0518411999801	570.3177420999855	570.285255499999	570.3014536999981	570.3177420999855	571.3179245999781	571.3017364999978	571.3018065000069	571.3179245999781	571.5679930999759	571.5509557999903	571.5510005999822	571.5679930999759	573.5182037000195	573.4838897999725	573.4990718999761	573.5182037000195	573.5182037000195	573.5182037000195	573.5182037000195	573.5182037000195	576.5022412000108	None	576.5050095000188	576.5162907000049	577.0329612999922	576.9992930999724	577.0032502000104	577.0329612999922	577.0329612999922	577.0329612999922	577.0329612999922	577.0329612999922	577.4993523000157	580.048583100026	580.048583100026	580.048583100026	580.048583100026	580.048583100026	580.4977911000024	580.4852658999735	None	580.4886384999845	580.4977911000024	580.9976894999854	580.9820902000065				3	2026-08-10_14h20.05.700	TSRlearn_main-blocks		2025.1.1	60.25167121811713	2026-08-10 14h20.11.687646 +0200	
								17	17	0				1	stimuli/ball/ball_11.jpg	stimuli/chair/chair_11.jpg	None	yes	no	left	left	5	1.2	0.2		0.65	1.96	sequences/learning_block1_fixed-middle-10_0{participant_ID}.xlsx	sequences/retrieval_block1_fixed-middle-10_0{participant_ID}.xlsx	6	block1	A	1																												4	17	1	1	A	1	4	None	None	None													0	0	0	0	0	0	0	0					0	17	17	17	580.9976894999854																																																																																																																																																																																																																																																																			580.9830245000194	580.9976894999854	581.8393870000145	581.6316915000207	581.7407408999861	581.8393870000145	582.8477330000023	582.8314379000221	582.8315014999826	582.8477330000023	583.1136728000129	583.0815054000122	583.1043744999915	583.1136728000129	584.1135248999926	584.097690500028	584.0977516000276	584.1135248999926	584.3640111000277	584.3472324999748	584.347294599982	584.3640111000277	586.3466291999794	586.3132604000275	586.3283046999713	586.3466291999794	586.3466291999794	586.3466291999794	586.3466291999794	586.3466291999794	589.3332170000067	None	589.3366431000177	589.3456246000133	589.8622582000098	589.8286839000066	589.8335820999928	589.8622582000098	589.8622582000098	589.8622582000098	589.8622582000098	589.8622582000098	590.3287407999742	592.8778241000255	592.8778241000255	592.8778241000255	592.8778241000255	592.8778241000255	593.3271432999754	593.3146292999736	None	593.3179922000272	593.3271432999754	593.8268526999746	593.811241700023				3	2026-08-10_14h20.05.700	TSRlearn_main-blocks		2025.1.1	60.25167121811713	2026-08-10 14h20.11.687646 +0200	
								18	18	0				1	stimuli/house/house_35.jpg	stimuli/jacket/jacket_44.jpg	None	yes	no	right	right	4	1.2	0.2		0.38	2.24				block1	A	1																												4	18	0	1	A	9	10																												0	18	18	18	593.8268526999746																																																																																																																																																																																																																																																																			593.8120650000055	593.8268526999746	594.2607964000199	594.1941585000022	594.2394773000269	594.2607964000199	595.2608638000092	595.2437468999997	595.2438223999925	595.2608638000092		595.493945299997	595.5488323000027	595.5764045999967	596.5761306000059	596.5605606000172	596.5606348000001	596.5761306000059	596.8266566999955	596.8097266000113	596.809779800009	596.8266566999955	599.1087283000234	599.0596564000007	599.0745750999777	599.1087283000234	599.1087283000234	599.1087283000234	599.1087283000234	599.1087283000234	602.0784419000265	None	602.0831226999871	602.0917176000075	602.6081905000028	602.5746724000201	602.5786907000002	602.6081905000028	602.6081905000028	602.6081905000028	602.6081905000028	602.6081905000028	603.0747855000081																							
